{
  "header": ["Simulation results for  gamma_2_box_cox_parametric_and_kernel"],
  "AUC: 0.6": {
    "missing_param": [3.251953125],
    "t0: 0.2": {
      "true_eta": [0.107598407142164],
      "size: 50": {
        "parametric": {
          "bias": [0.00475590306682819],
          "rmse": [0.0328663792369804]
        },
        "kernel_hscv": {
          "bias": [0.0103889367665514],
          "rmse": [0.0331095854850048]
        },
        "kernel_opt": {
          "bias": [0.00963756522570421],
          "rmse": [0.0315917972663394]
        },
        "kernel_iqr": {
          "bias": [0.0132999154588521],
          "rmse": [0.0375630731603988]
        }
      },
      "size: 100": {
        "parametric": {
          "bias": [-0.00299573620582379],
          "rmse": [0.0190197041605127]
        },
        "kernel_hscv": {
          "bias": [0.00500822166817314],
          "rmse": [0.0214238077936928]
        },
        "kernel_opt": {
          "bias": [0.00431013309309335],
          "rmse": [0.0201270966876659]
        },
        "kernel_iqr": {
          "bias": [0.00569839711808605],
          "rmse": [0.0222831158004685]
        }
      }
    },
    "t0: 0.4": {
      "true_eta": [0.305819906087],
      "size: 50": {
        "parametric": {
          "bias": [-0.00643657728895958],
          "rmse": [0.0808730508959817]
        },
        "kernel_hscv": {
          "bias": [-0.0125592604026562],
          "rmse": [0.0893764209461427]
        },
        "kernel_opt": {
          "bias": [-0.0144237337578033],
          "rmse": [0.0861608358841039]
        },
        "kernel_iqr": {
          "bias": [-0.00744885735982931],
          "rmse": [0.0911402780427845]
        }
      },
      "size: 100": {
        "parametric": {
          "bias": [-0.00303978484190959],
          "rmse": [0.0578636952002211]
        },
        "kernel_hscv": {
          "bias": [-0.0069428294597681],
          "rmse": [0.0684962776580529]
        },
        "kernel_opt": {
          "bias": [-0.00850074156133884],
          "rmse": [0.0657250151892828]
        },
        "kernel_iqr": {
          "bias": [-0.00313331023190394],
          "rmse": [0.0700132681189571]
        }
      }
    },
    "t0: 0.8": {
      "true_eta": [0.397302092080336],
      "size: 50": {
        "parametric": {
          "bias": [-0.00870358816253869],
          "rmse": [0.060053045672366]
        },
        "kernel_hscv": {
          "bias": [0.00636787750473322],
          "rmse": [0.0661159092027968]
        },
        "kernel_opt": {
          "bias": [0.00317111883019627],
          "rmse": [0.0620596681460576]
        },
        "kernel_iqr": {
          "bias": [0.0107285347930687],
          "rmse": [0.0664059426677055]
        }
      },
      "size: 100": {
        "parametric": {
          "bias": [-0.0116982868152383],
          "rmse": [0.0442050897065426]
        },
        "kernel_hscv": {
          "bias": [0.00154949927654358],
          "rmse": [0.0488222370081483]
        },
        "kernel_opt": {
          "bias": [-0.000706121085474576],
          "rmse": [0.0462383052409837]
        },
        "kernel_iqr": {
          "bias": [0.00422203802562576],
          "rmse": [0.0487226492720578]
        }
      }
    },
    "t0: 1": {
      "true_eta": [0.430703309013321],
      "size: 50": {
        "parametric": {
          "bias": [-0.00292607814896495],
          "rmse": [0.0476568452053684]
        },
        "kernel_hscv": {
          "bias": [0.0090321113534092],
          "rmse": [0.0519729408741684]
        },
        "kernel_opt": {
          "bias": [0.00581217455156591],
          "rmse": [0.04876268426594]
        },
        "kernel_iqr": {
          "bias": [0.0125608096121905],
          "rmse": [0.0523293325828721]
        }
      },
      "size: 100": {
        "parametric": {
          "bias": [-0.00719451297852952],
          "rmse": [0.0360129974595061]
        },
        "kernel_hscv": {
          "bias": [0.00316925370394244],
          "rmse": [0.0400203676957616]
        },
        "kernel_opt": {
          "bias": [0.000979521331032018],
          "rmse": [0.0379202023920067]
        },
        "kernel_iqr": {
          "bias": [0.00484063066493912],
          "rmse": [0.040085268996239]
        }
      }
    }
  },
  "AUC: 0.75": {
    "missing_param": [5.80078125],
    "t0: 0.2": {
      "true_eta": [0.287235404027995],
      "size: 50": {
        "parametric": {
          "bias": [0.0539832642677549],
          "rmse": [0.147226414313082]
        },
        "kernel_hscv": {
          "bias": [-0.0359322378288665],
          "rmse": [0.138061871618925]
        },
        "kernel_opt": {
          "bias": [-0.0343390731013641],
          "rmse": [0.135669662128958]
        },
        "kernel_iqr": {
          "bias": [-0.016666452676358],
          "rmse": [0.141584253853045]
        }
      },
      "size: 100": {
        "parametric": {
          "bias": [0.0500213231760583],
          "rmse": [0.115513966368543]
        },
        "kernel_hscv": {
          "bias": [-0.0403378869279667],
          "rmse": [0.111584566049544]
        },
        "kernel_opt": {
          "bias": [-0.0379124747585095],
          "rmse": [0.110285920072837]
        },
        "kernel_iqr": {
          "bias": [-0.0257921065862004],
          "rmse": [0.112822736156353]
        }
      }
    },
    "t0: 0.4": {
      "true_eta": [0.47115712767234],
      "size: 50": {
        "parametric": {
          "bias": [0.0216921737476286],
          "rmse": [0.0587111556398282]
        },
        "kernel_hscv": {
          "bias": [0.00115153694953601],
          "rmse": [0.0646785249868981]
        },
        "kernel_opt": {
          "bias": [-0.00236941334343094],
          "rmse": [0.0620594201387724]
        },
        "kernel_iqr": {
          "bias": [0.00633367176641048],
          "rmse": [0.0654798049500587]
        }
      },
      "size: 100": {
        "parametric": {
          "bias": [0.0183410741665161],
          "rmse": [0.0415488003468706]
        },
        "kernel_hscv": {
          "bias": [-0.00105402390986281],
          "rmse": [0.0461764189626781]
        },
        "kernel_opt": {
          "bias": [-0.00277518117822539],
          "rmse": [0.0439320178293589]
        },
        "kernel_iqr": {
          "bias": [0.0019567814361468],
          "rmse": [0.0461676105015428]
        }
      }
    },
    "t0: 0.8": {
      "true_eta": [0.501020066766025],
      "size: 50": {
        "parametric": {
          "bias": [0.0194475401036664],
          "rmse": [0.0508125451922647]
        },
        "kernel_hscv": {
          "bias": [0.00319293949507005],
          "rmse": [0.0521149029159068]
        },
        "kernel_opt": {
          "bias": [0.00110120017453519],
          "rmse": [0.0497566858993353]
        },
        "kernel_iqr": {
          "bias": [0.00849748637251224],
          "rmse": [0.0525044817175001]
        }
      },
      "size: 100": {
        "parametric": {
          "bias": [0.0142932100763866],
          "rmse": [0.0362813433207673]
        },
        "kernel_hscv": {
          "bias": [-0.000985852289524525],
          "rmse": [0.0384233217675209]
        },
        "kernel_opt": {
          "bias": [-0.00315154735526324],
          "rmse": [0.037306454529207]
        },
        "kernel_iqr": {
          "bias": [0.00140008836741801],
          "rmse": [0.0388670665650311]
        }
      }
    },
    "t0: 1": {
      "true_eta": [0.51802792718699],
      "size: 50": {
        "parametric": {
          "bias": [0.0174617497103848],
          "rmse": [0.0443920511438588]
        },