{
  "header": ["Simulation results for  gamma_3_box_cox_parametric"],
  "AUC: 0.6": {
    "missing_param": [0.36346435546875],
    "t0: 0.2": {
      "true_eta": [0.715291452539729],
      "size: 50": {
        "parametric": {
          "bias": [-0.234337528565849],
          "rmse": [0.297625392603981]
        },
        "kernel_hscv": {
          "bias": [-0.105199820741407],
          "rmse": [0.144324963091631]
        },
        "kernel_opt": {
          "bias": [-0.0637962935079586],
          "rmse": [0.131106604689008]
        },
        "kernel_iqr": {
          "bias": [-0.101001103134618],
          "rmse": [0.150726777788241]
        }
      },
      "size: 100": {
        "parametric": {
          "bias": [-0.217575610099515],
          "rmse": [0.258999128848626]
        },
        "kernel_hscv": {
          "bias": [-0.146877526996458],
          "rmse": [0.169027211646605]
        },
        "kernel_opt": {
          "bias": [-0.086389522565981],
          "rmse": [0.11843846603383]
        },
        "kernel_iqr": {
          "bias": [-0.128849138458875],
          "rmse": [0.155341461269941]
        }
      }
    },
    "t0: 0.4": {
      "true_eta": [0.71539559793378],
      "size: 50": {
        "parametric": {
          "bias": [-0.227349090736033],
          "rmse": [0.289258236648342]
        },
        "kernel_hscv": {
          "bias": [-0.100374431419963],
          "rmse": [0.14083030700135]
        },
        "kernel_opt": {
          "bias": [-0.060834008228686],
          "rmse": [0.121806202327558]
        },
        "kernel_iqr": {
          "bias": [-0.097523397782988],
          "rmse": [0.148358087773647]
        }
      },
      "size: 100": {
        "parametric": {
          "bias": [-0.22827431198352],
          "rmse": [0.270750776596745]
        },
        "kernel_hscv": {
          "bias": [-0.153524969714759],
          "rmse": [0.175668487604723]
        },
        "kernel_opt": {
          "bias": [-0.0937571679059097],
          "rmse": [0.129394087007815]
        },
        "kernel_iqr": {
          "bias": [-0.136611962369051],
          "rmse": [0.164808875223375]
        }
      }
    },
    "t0: 0.8": {
      "true_eta": [0.715713752506088],
      "size: 50": {
        "parametric": {
          "bias": [-0.219552100499345],
          "rmse": [0.282524599553793]
        },
        "kernel_hscv": {
          "bias": [-0.0998785687383137],
          "rmse": [0.140776197449583]
        },
        "kernel_opt": {
          "bias": [-0.0587435240541607],
          "rmse": [0.117513115845622]
        },
        "kernel_iqr": {
          "bias": [-0.0961721954939254],
          "rmse": [0.146613217805485]
        }
      },
      "size: 100": {
        "parametric": {
          "bias": [-0.214808109209403],
          "rmse": [0.254156754124859]
        },
        "kernel_hscv": {
          "bias": [-0.139686330496218],
          "rmse": [0.159558190231532]
        },
        "kernel_opt": {
          "bias": [-0.0801925079076289],
          "rmse": [0.110551103488419]
        },
        "kernel_iqr": {
          "bias": [-0.121397845312383],
          "rmse": [0.145635297392221]
        }
      }
    },
    "t0: 1": {
      "true_eta": [0.71591689946712],
      "size: 50": {
        "parametric": {
          "bias": [-0.217144759734727],
          "rmse": [0.280834191386885]
        },
        "kernel_hscv": {
          "bias": [-0.100884713100554],
          "rmse": [0.142833633374125]
        },
        "kernel_opt": {
          "bias": [-0.0602322531374523],
          "rmse": [0.120701612423467]
        },
        "kernel_iqr": {
          "bias": [-0.0963438875418335],
          "rmse": [0.147450492040684]
        }
      },
      "size: 100": {
        "parametric": {
          "bias": [-0.214486654872605],
          "rmse": [0.250872935207679]
        },
        "kernel_hscv": {
          "bias": [-0.1408220910184],
          "rmse": [0.160576555954284]
        },
        "kernel_opt": {
          "bias": [-0.0838136028136173],
          "rmse": [0.114497005618293]
        },
        "kernel_iqr": {
          "bias": [-0.126168240588739],
          "rmse": [0.152830955891478]
        }
      }
    }
  },
  "AUC: 0.75": {
    "missing_param": [0.574951171875],
    "t0: 0.2": {
      "true_eta": [0.789588897142076],
      "size: 50": {
        "parametric": {
          "bias": [-0.13233096016591],
          "rmse": [0.182295737144947]
        },
        "kernel_hscv": {
          "bias": [-0.0794734522615327],
          "rmse": [0.0912367460393628]
        },
        "kernel_opt": {
          "bias": [-0.0516391278193808],
          "rmse": [0.0740776140947016]
        },
        "kernel_iqr": {
          "bias": [-0.0710475925422239],
          "rmse": [0.0849313248713035]
        }
      },
      "size: 100": {
        "parametric": {
          "bias": [-0.111025574067224],
          "rmse": [0.139902060947856]
        },
        "kernel_hscv": {
          "bias": [-0.110598754500584],
          "rmse": [0.117644194871916]
        },
        "kernel_opt": {
          "bias": [-0.0649314499291537],
          "rmse": [0.0759385054195913]
        },
        "kernel_iqr": {
          "bias": [-0.0941808984170075],
          "rmse": [0.103108624565338]
        }
      }
    },
    "t0: 0.4": {
      "true_eta": [0.78960348965929],
      "size: 50": {
        "parametric": {
          "bias": [-0.121507169162337],
          "rmse": [0.167538993488991]
        },
        "kernel_hscv": {
          "bias": [-0.0784083077815044],
          "rmse": [0.09129512586869]
        },
        "kernel_opt": {
          "bias": [-0.049062530862624],
          "rmse": [0.0689547047495878]
        },
        "kernel_iqr": {
          "bias": [-0.0706280419793321],
          "rmse": [0.0860520065317611]
        }
      },
      "size: 100": {
        "parametric": {
          "bias": [-0.111383493662399],
          "rmse": [0.140337624340682]
        },
        "kernel_hscv": {
          "bias": [-0.109564962080909],
          "rmse": [0.116771107877026]
        },
        "kernel_opt": {
          "bias": [-0.0651211233730903],
          "rmse": [0.0756322729523671]
        },
        "kernel_iqr": {
          "bias": [-0.0934422344510145],
          "rmse": [0.102013700435827]
        }
      }
    },
    "t0: 0.8": {
      "true_eta": [0.789708690181237],
      "size: 50": {
        "parametric": {
          "bias": [-0.119951681303833],
          "rmse": [0.165830771879754]
        },
        "kernel_hscv": {
          "bias": [-0.0778217362348239],
          "rmse": [0.0904522286366277]
        },
        "kernel_opt": {
          "bias": [-0.0479040659471479],
          "rmse": [0.0654252546486694]
        },
        "kernel_iqr": {
          "bias": [-0.0699720300592956],
          "rmse": [0.0863604185766276]
        }
      },
      "size: 100": {
        "parametric": {
          "bias": [-0.114245278443275],
          "rmse": [0.140114591457746]
        },
        "kernel_hscv": {
          "bias": [-0.10733325080678],
          "rmse": [0.114097959539421]
        },
        "kernel_opt": {
          "bias": [-0.065761621641047],
          "rmse": [0.0768345669365175]
        },
        "kernel_iqr": {
          "bias": [-0.0924957484959862],
          "rmse": [0.100979458892203]
        }
      }
    },
    "t0: 1": {
      "true_eta": [0.789796725591744],
      "size: 50": {
        "parametric": {
          "bias": [-0.127062127534498],
          "rmse": [0.172457767433808]
        },
        "kernel_hscv": {
          "bias": [-0.0769729767021173],
          "rmse": [0.0887844748256359]
        },