{
  "header": ["Simulation results for  gamma_3_box_cox_inside_eta_box_cox_before_eta"],
  "AUC: 0.6": {
    "missing_param": [0.36346435546875],
    "t0: 0.2": {
      "true_eta": [0.715291452539729],
      "size: 20": {
        "parametric": {
          "bias": [-0.483972699917627],
          "rmse": [0.483972699917627]
        },
        "kernel_hscv": {
          "bias": [-0.658273782184345],
          "rmse": [0.658273782184345]
        },
        "kernel_opt": {
          "bias": [-0.673645488803721],
          "rmse": [0.673645488803721]
        },
        "kernel_iqr": {
          "bias": [-0.631895484397207],
          "rmse": [0.631895484397207]
        }
      },
      "size: 50": {
        "parametric": {
          "bias": [-0.0567128633436126],
          "rmse": [0.0567128633436126]
        },
        "kernel_hscv": {
          "bias": [-0.144353140692593],
          "rmse": [0.144353140692593]
        },
        "kernel_opt": {
          "bias": [-0.135516057559723],
          "rmse": [0.135516057559723]
        },
        "kernel_iqr": {
          "bias": [-0.121586879708509],
          "rmse": [0.121586879708509]
        }
      },
      "size: 100": {
        "parametric": {
          "bias": [-0.388177370862859],
          "rmse": [0.388177370862859]
        },
        "kernel_hscv": {
          "bias": [-0.251887693628957],
          "rmse": [0.251887693628957]
        },
        "kernel_opt": {
          "bias": [-0.247133076725522],
          "rmse": [0.247133076725522]
        },
        "kernel_iqr": {
          "bias": [-0.184026238921452],
          "rmse": [0.184026238921452]
        }
      }
    },
    "t0: 0.4": {
      "true_eta": [0.71539559793378],
      "size: 20": {
        "parametric": {
          "bias": [-0.203891359765997],
          "rmse": [0.203891359765997]
        },
        "kernel_hscv": {
          "bias": [-0.288922840361589],
          "rmse": [0.288922840361589]
        },
        "kernel_opt": {
          "bias": [-0.264579599459626],
          "rmse": [0.264579599459626]
        },
        "kernel_iqr": {
          "bias": [-0.0110804315599673],
          "rmse": [0.0110804315599673]
        }
      },
      "size: 50": {
        "parametric": {
          "bias": [-0.602354150955362],
          "rmse": [0.602354150955362]
        },
        "kernel_hscv": {
          "bias": [-0.216840314285866],
          "rmse": [0.216840314285866]
        },
        "kernel_opt": {
          "bias": [-0.312539473560098],
          "rmse": [0.312539473560098]
        },
        "kernel_iqr": {
          "bias": [-0.273980818026456],
          "rmse": [0.273980818026456]
        }
      },
      "size: 100": {
        "parametric": {
          "bias": [-0.330907763971966],
          "rmse": [0.330907763971966]
        },
        "kernel_hscv": {
          "bias": [-0.260202814510553],
          "rmse": [0.260202814510553]
        },
        "kernel_opt": {
          "bias": [-0.264071543799981],
          "rmse": [0.264071543799981]
        },
        "kernel_iqr": {
          "bias": [-0.207489259384324],
          "rmse": [0.207489259384324]
        }
      }
    },
    "t0: 0.8": {
      "true_eta": [0.715713752506088],
      "size: 20": {
        "parametric": {
          "bias": [-0.658319467558689],
          "rmse": [0.658319467558689]
        },
        "kernel_hscv": {
          "bias": [-0.69174398429012],
          "rmse": [0.69174398429012]
        },
        "kernel_opt": {
          "bias": [-0.689481248491648],
          "rmse": [0.689481248491648]
        },
        "kernel_iqr": {
          "bias": [-0.683703046276985],
          "rmse": [0.683703046276985]
        }
      },
      "size: 50": {
        "parametric": {
          "bias": [-0.158258172683091],
          "rmse": [0.158258172683091]
        },
        "kernel_hscv": {
          "bias": [-0.136697316869173],
          "rmse": [0.136697316869173]
        },
        "kernel_opt": {
          "bias": [-0.12135385336818],
          "rmse": [0.12135385336818]
        },
        "kernel_iqr": {
          "bias": [-0.137343516676336],
          "rmse": [0.137343516676336]
        }
      },
      "size: 100": {
        "parametric": {
          "bias": [-0.317193331268558],
          "rmse": [0.317193331268558]
        },
        "kernel_hscv": {
          "bias": [-0.0556647724735692],
          "rmse": [0.0556647724735692]
        },
        "kernel_opt": {
          "bias": [-0.0887500054211585],
          "rmse": [0.0887500054211585]
        },
        "kernel_iqr": {
          "bias": [-0.0590775882832755],
          "rmse": [0.0590775882832755]
        }
      }
    },
    "t0: 1": {
      "true_eta": [0.71591689946712],
      "size: 20": {
        "parametric": {
          "bias": [-0.0345278210587343],
          "rmse": [0.0345278210587343]
        },
        "kernel_hscv": {
          "bias": [0.0192474626388788],
          "rmse": [0.0192474626388788]
        },
        "kernel_opt": {
          "bias": [-0.0103893780358791],
          "rmse": [0.0103893780358791]
        },
        "kernel_iqr": {
          "bias": [0.0406745805096245],
          "rmse": [0.0406745805096245]
        }
      },
      "size: 50": {
        "parametric": {
          "bias": [-0.327204849371692],
          "rmse": [0.327204849371692]
        },
        "kernel_hscv": {
          "bias": [-0.510680914588779],
          "rmse": [0.510680914588779]
        },
        "kernel_opt": {
          "bias": [-0.454242777685618],
          "rmse": [0.454242777685618]
        },
        "kernel_iqr": {
          "bias": [-0.367965274729607],
          "rmse": [0.367965274729607]
        }
      },
      "size: 100": {
        "parametric": {
          "bias": [-0.0492471559028191],
          "rmse": [0.0492471559028191]
        },
        "kernel_hscv": {
          "bias": [-0.0170638127026073],
          "rmse": [0.0170638127026073]
        },
        "kernel_opt": {
          "bias": [-0.0235667982012335],
          "rmse": [0.0235667982012335]
        },
        "kernel_iqr": {
          "bias": [-0.00728206733024905],
          "rmse": [0.00728206733024905]
        }
      }
    }
  },
  "AUC: 0.75": {
    "missing_param": [0.57861328125],
    "t0: 0.2": {
      "true_eta": [0.79039090858581],
      "size: 20": {
        "parametric": {
          "bias": [-0.324778372360403],
          "rmse": [0.324778372360403]
        },
        "kernel_hscv": {
          "bias": [-0.361688733771877],
          "rmse": [0.361688733771877]
        },
        "kernel_opt": {
          "bias": [-0.346747954442913],
          "rmse": [0.346747954442913]
        },
        "kernel_iqr": {
          "bias": [-0.296748879026225],
          "rmse": [0.296748879026225]
        }
      },
      "size: 50": {
        "parametric": {
          "bias": [-0.0647581593013097],
          "rmse": [0.0647581593013097]
        },
        "kernel_hscv": {
          "bias": [-0.0282692797300013],
          "rmse": [0.0282692797300013]
        },
        "kernel_opt": {
          "bias": [-0.0339451281669689],
          "rmse": [0.0339451281669689]
        },
        "kernel_iqr": {
          "bias": [-0.0260902659468838],
          "rmse": [0.0260902659468838]
        }
      },
      "size: 100": {
        "parametric": {
          "bias": [-0.110093865776662],
          "rmse": [0.110093865776662]
        },
        "kernel_hscv": {
          "bias": [-0.0841355737139823],
          "rmse": [0.0841355737139823]
        },
        "kernel_opt": {
          "bias": [-0.0591545432925223],
          "rmse": [0.0591545432925223]
        },
        "kernel_iqr": {
          "bias": [-0.0468637274426038],
          "rmse": [0.0468637274426038]
        }
      }
    },
    "t0: 0.4": {
      "true_eta": [0.790405246551748],
      "size: 20": {
        "parametric": {
          "bias": [-0.120628783293368],
          "rmse": [0.120628783293368]
        },