{
  "header": ["Simulation results for  gamma_1_box_cox_inside_eta"],
  "AUC: 0.6": {
    "missing_param": [1.083984375],
    "t0: 0.2": {
      "true_eta": [0.0309428992928271],
      "size: 20": {
        "parametric": {
          "bias": [0.0410687404901765],
          "rmse": [0.0410687404901765]
        },
        "kernel_hscv": {
          "bias": [0.0338387774678607],
          "rmse": [0.0338387774678607]
        },
        "kernel_opt": {
          "bias": [0.0382900393993758],
          "rmse": [0.0382900393993758]
        },
        "kernel_iqr": {
          "bias": [0.0444017509342429],
          "rmse": [0.0444017509342429]
        }
      },
      "size: 50": {
        "parametric": {
          "bias": [0.0190138979703688],
          "rmse": [0.0190138979703688]
        },
        "kernel_hscv": {
          "bias": [0.0346494555036762],
          "rmse": [0.0346494555036762]
        },
        "kernel_opt": {
          "bias": [0.0252511404703614],
          "rmse": [0.0252511404703614]
        },
        "kernel_iqr": {
          "bias": [0.0340692004056672],
          "rmse": [0.0340692004056672]
        }
      },
      "size: 100": {
        "parametric": {
          "bias": [0.0068953155835879],
          "rmse": [0.0068953155835879]
        },
        "kernel_hscv": {
          "bias": [-0.00856516043577223],
          "rmse": [0.00856516043577223]
        },
        "kernel_opt": {
          "bias": [-0.00781541814298355],
          "rmse": [0.00781541814298355]
        },
        "kernel_iqr": {
          "bias": [-0.0112146030011667],
          "rmse": [0.0112146030011667]
        }
      }
    },
    "t0: 0.4": {
      "true_eta": [0.0851299860761378],
      "size: 20": {
        "parametric": {
          "bias": [0.240180659371663],
          "rmse": [0.240180659371663]
        },
        "kernel_hscv": {
          "bias": [0.167368955079787],
          "rmse": [0.167368955079787]
        },
        "kernel_opt": {
          "bias": [0.166832078805566],
          "rmse": [0.166832078805566]
        },
        "kernel_iqr": {
          "bias": [0.205601502113298],
          "rmse": [0.205601502113298]
        }
      },
      "size: 50": {
        "parametric": {
          "bias": [-0.044389295364901],
          "rmse": [0.044389295364901]
        },
        "kernel_hscv": {
          "bias": [0.029255499671294],
          "rmse": [0.029255499671294]
        },
        "kernel_opt": {
          "bias": [0.0229584539499752],
          "rmse": [0.0229584539499752]
        },
        "kernel_iqr": {
          "bias": [0.0405128251392731],
          "rmse": [0.0405128251392731]
        }
      },
      "size: 100": {
        "parametric": {
          "bias": [0.019173011178334],
          "rmse": [0.019173011178334]
        },
        "kernel_hscv": {
          "bias": [-0.00158849890550933],
          "rmse": [0.00158849890550933]
        },
        "kernel_opt": {
          "bias": [-0.00191484318224773],
          "rmse": [0.00191484318224773]
        },
        "kernel_iqr": {
          "bias": [0.00589144940993244],
          "rmse": [0.00589144940993244]
        }
      }
    },
    "t0: 0.8": {
      "true_eta": [0.111089964264254],
      "size: 20": {
        "parametric": {
          "bias": [0.165106311181684],
          "rmse": [0.165106311181684]
        },
        "kernel_hscv": {
          "bias": [0.19270884134905],
          "rmse": [0.19270884134905]
        },
        "kernel_opt": {
          "bias": [0.160701963406531],
          "rmse": [0.160701963406531]
        },
        "kernel_iqr": {
          "bias": [0.150882620197667],
          "rmse": [0.150882620197667]
        }
      },
      "size: 50": {
        "parametric": {
          "bias": [0.000616843383415513],
          "rmse": [0.000616843383415513]
        },
        "kernel_hscv": {
          "bias": [-0.0102761572902111],
          "rmse": [0.0102761572902111]
        },
        "kernel_opt": {
          "bias": [-0.0151578462937454],
          "rmse": [0.0151578462937454]
        },
        "kernel_iqr": {
          "bias": [-0.00411475248107411],
          "rmse": [0.00411475248107411]
        }
      },
      "size: 100": {
        "parametric": {
          "bias": [0.0256370619846014],
          "rmse": [0.0256370619846014]
        },
        "kernel_hscv": {
          "bias": [-0.0211652114870884],
          "rmse": [0.0211652114870884]
        },
        "kernel_opt": {
          "bias": [-0.0161295158775689],
          "rmse": [0.0161295158775689]
        },
        "kernel_iqr": {
          "bias": [-0.012632671000778],
          "rmse": [0.012632671000778]
        }
      }
    },
    "t0: 1": {
      "true_eta": [0.184573025377759],
      "size: 20": {
        "parametric": {
          "bias": [0.255078159567783],
          "rmse": [0.255078159567783]
        },
        "kernel_hscv": {
          "bias": [0.24416984708265],
          "rmse": [0.24416984708265]
        },
        "kernel_opt": {
          "bias": [0.243071106352049],
          "rmse": [0.243071106352049]
        },
        "kernel_iqr": {
          "bias": [0.238792260832263],
          "rmse": [0.238792260832263]
        }
      },
      "size: 50": {
        "parametric": {
          "bias": [0.0225869838136793],
          "rmse": [0.0225869838136793]
        },
        "kernel_hscv": {
          "bias": [0.00121921988300738],
          "rmse": [0.00121921988300738]
        },
        "kernel_opt": {
          "bias": [0.00442820957635492],
          "rmse": [0.00442820957635492]
        },
        "kernel_iqr": {
          "bias": [0.0157388759436538],
          "rmse": [0.0157388759436538]
        }
      },
      "size: 100": {
        "parametric": {
          "bias": [0.00194174170637207],
          "rmse": [0.00194174170637207]
        },
        "kernel_hscv": {
          "bias": [0.0120749523950511],
          "rmse": [0.0120749523950511]
        },
        "kernel_opt": {
          "bias": [0.00999686807930428],
          "rmse": [0.00999686807930428]
        },
        "kernel_iqr": {
          "bias": [0.0214158064265935],
          "rmse": [0.0214158064265935]
        }
      }
    }
  },
  "AUC: 0.75": {
    "missing_param": [1.8603515625],
    "t0: 0.2": {
      "true_eta": [0.250804114123376],
      "size: 20": {
        "parametric": {
          "bias": [0.412583575844456],
          "rmse": [0.412583575844456]
        },
        "kernel_hscv": {
          "bias": [0.349414886020931],
          "rmse": [0.349414886020931]
        },
        "kernel_opt": {
          "bias": [0.342851652317619],
          "rmse": [0.342851652317619]
        },
        "kernel_iqr": {
          "bias": [0.41635600920109],
          "rmse": [0.41635600920109]
        }
      },
      "size: 50": {
        "parametric": {
          "bias": [0.19485727073194],
          "rmse": [0.19485727073194]
        },
        "kernel_hscv": {
          "bias": [0.112036085520011],
          "rmse": [0.112036085520011]
        },
        "kernel_opt": {
          "bias": [0.108496794519458],
          "rmse": [0.108496794519458]
        },
        "kernel_iqr": {
          "bias": [0.133008926586329],
          "rmse": [0.133008926586329]
        }
      },
      "size: 100": {
        "parametric": {
          "bias": [-0.00346990564498387],
          "rmse": [0.00346990564498387]
        },
        "kernel_hscv": {
          "bias": [-0.0222034607777809],
          "rmse": [0.0222034607777809]
        },
        "kernel_opt": {
          "bias": [-0.0205690447041521],
          "rmse": [0.0205690447041521]
        },
        "kernel_iqr": {
          "bias": [0.00294218836825877],
          "rmse": [0.00294218836825877]
        }
      }
    },
    "t0: 0.4": {
      "true_eta": [0.295078511233659],
      "size: 20": {
        "parametric": {
          "bias": [0.0288389631156364],
          "rmse": [0.0288389631156364]
        },