{
  "header": ["Simulation results for  gamma_2_box_cox_inside_eta_box_cox_before_eta"],
  "AUC: 0.6": {
    "missing_param": [3.251953125],
    "t0: 0.2": {
      "true_eta": [0.107598407142164],
      "size: 20": {
        "parametric": {
          "bias": [0.0255066678999997],
          "rmse": [0.0255066678999997]
        },
        "kernel_hscv": {
          "bias": [0.0428499542748681],
          "rmse": [0.0428499542748681]
        },
        "kernel_opt": {
          "bias": [0.0447851186525886],
          "rmse": [0.0447851186525886]
        },
        "kernel_iqr": {
          "bias": [0.0454907341885841],
          "rmse": [0.0454907341885841]
        }
      },
      "size: 50": {
        "parametric": {
          "bias": [0.00522961297783074],
          "rmse": [0.00522961297783074]
        },
        "kernel_hscv": {
          "bias": [-0.0316949612315415],
          "rmse": [0.0316949612315415]
        },
        "kernel_opt": {
          "bias": [-0.026804475506931],
          "rmse": [0.026804475506931]
        },
        "kernel_iqr": {
          "bias": [-0.0327269566338751],
          "rmse": [0.0327269566338751]
        }
      },
      "size: 100": {
        "parametric": {
          "bias": [0.0225593067267696],
          "rmse": [0.0225593067267696]
        },
        "kernel_hscv": {
          "bias": [0.038033490942927],
          "rmse": [0.038033490942927]
        },
        "kernel_opt": {
          "bias": [0.0376914388454568],
          "rmse": [0.0376914388454568]
        },
        "kernel_iqr": {
          "bias": [0.0386191210686024],
          "rmse": [0.0386191210686024]
        }
      }
    },
    "t0: 0.4": {
      "true_eta": [0.305819906087],
      "size: 20": {
        "parametric": {
          "bias": [0.209501476030433],
          "rmse": [0.209501476030433]
        },
        "kernel_hscv": {
          "bias": [-0.0433894806383481],
          "rmse": [0.0433894806383481]
        },
        "kernel_opt": {
          "bias": [0.0147749776175234],
          "rmse": [0.0147749776175234]
        },
        "kernel_iqr": {
          "bias": [-0.0636012506211258],
          "rmse": [0.0636012506211258]
        }
      },
      "size: 50": {
        "parametric": {
          "bias": [-0.0591949895205313],
          "rmse": [0.0591949895205313]
        },
        "kernel_hscv": {
          "bias": [-0.118578499163525],
          "rmse": [0.118578499163525]
        },
        "kernel_opt": {
          "bias": [-0.106600852256729],
          "rmse": [0.106600852256729]
        },
        "kernel_iqr": {
          "bias": [-0.107345248424679],
          "rmse": [0.107345248424679]
        }
      },
      "size: 100": {
        "parametric": {
          "bias": [-0.0740910593368551],
          "rmse": [0.0740910593368551]
        },
        "kernel_hscv": {
          "bias": [-0.0239587448492303],
          "rmse": [0.0239587448492303]
        },
        "kernel_opt": {
          "bias": [-0.0434086046854329],
          "rmse": [0.0434086046854329]
        },
        "kernel_iqr": {
          "bias": [-0.0387256608533195],
          "rmse": [0.0387256608533195]
        }
      }
    },
    "t0: 0.8": {
      "true_eta": [0.397302092080336],
      "size: 20": {
        "parametric": {
          "bias": [0.113359328893374],
          "rmse": [0.113359328893374]
        },
        "kernel_hscv": {
          "bias": [0.0465248296298473],
          "rmse": [0.0465248296298473]
        },
        "kernel_opt": {
          "bias": [0.0596556079973835],
          "rmse": [0.0596556079973835]
        },
        "kernel_iqr": {
          "bias": [0.0724871508018937],
          "rmse": [0.0724871508018937]
        }
      },
      "size: 50": {
        "parametric": {
          "bias": [-0.00593373532048602],
          "rmse": [0.00593373532048602]
        },
        "kernel_hscv": {
          "bias": [-0.016950322754931],
          "rmse": [0.016950322754931]
        },
        "kernel_opt": {
          "bias": [-0.0201177823949685],
          "rmse": [0.0201177823949685]
        },
        "kernel_iqr": {
          "bias": [-0.0191145056993551],
          "rmse": [0.0191145056993551]
        }
      },
      "size: 100": {
        "parametric": {
          "bias": [0.090999404005617],
          "rmse": [0.090999404005617]
        },
        "kernel_hscv": {
          "bias": [0.0700989303479192],
          "rmse": [0.0700989303479192]
        },
        "kernel_opt": {
          "bias": [0.0743183832045646],
          "rmse": [0.0743183832045646]
        },
        "kernel_iqr": {
          "bias": [0.078743661414636],
          "rmse": [0.078743661414636]
        }
      }
    },
    "t0: 1": {
      "true_eta": [0.430703309013321],
      "size: 20": {
        "parametric": {
          "bias": [0.0944041222184661],
          "rmse": [0.0944041222184661]
        },
        "kernel_hscv": {
          "bias": [0.0887506673861188],
          "rmse": [0.0887506673861188]
        },
        "kernel_opt": {
          "bias": [0.0776771729395558],
          "rmse": [0.0776771729395558]
        },
        "kernel_iqr": {
          "bias": [0.0778956319762966],
          "rmse": [0.0778956319762966]
        }
      },
      "size: 50": {
        "parametric": {
          "bias": [0.0290697347172267],
          "rmse": [0.0290697347172267]
        },
        "kernel_hscv": {
          "bias": [0.0594589653415734],
          "rmse": [0.0594589653415734]
        },
        "kernel_opt": {
          "bias": [0.0378525613276277],
          "rmse": [0.0378525613276277]
        },
        "kernel_iqr": {
          "bias": [0.0534027317851122],
          "rmse": [0.0534027317851122]
        }
      },
      "size: 100": {
        "parametric": {
          "bias": [-0.0124568318434503],
          "rmse": [0.0124568318434503]
        },
        "kernel_hscv": {
          "bias": [0.041338619878278],
          "rmse": [0.041338619878278]
        },
        "kernel_opt": {
          "bias": [0.0252811740895827],
          "rmse": [0.0252811740895827]
        },
        "kernel_iqr": {
          "bias": [0.0373366696601137],
          "rmse": [0.0373366696601137]
        }
      }
    }
  },
  "AUC: 0.75": {
    "missing_param": [5.888671875],
    "t0: 0.2": {
      "true_eta": [0.30057599222982],
      "size: 20": {
        "parametric": {
          "bias": [-0.150403446777658],
          "rmse": [0.150403446777658]
        },
        "kernel_hscv": {
          "bias": [-0.146918990893309],
          "rmse": [0.146918990893309]
        },
        "kernel_opt": {
          "bias": [-0.146965180137587],
          "rmse": [0.146965180137587]
        },
        "kernel_iqr": {
          "bias": [-0.146919873193879],
          "rmse": [0.146919873193879]
        }
      },
      "size: 50": {
        "parametric": {
          "bias": [-0.0146711245280058],
          "rmse": [0.0146711245280058]
        },
        "kernel_hscv": {
          "bias": [-0.179815562908757],
          "rmse": [0.179815562908757]
        },
        "kernel_opt": {
          "bias": [-0.186325282285349],
          "rmse": [0.186325282285349]
        },
        "kernel_iqr": {
          "bias": [-0.190032821810539],
          "rmse": [0.190032821810539]
        }
      },
      "size: 100": {
        "parametric": {
          "bias": [-0.0573948412189749],
          "rmse": [0.0573948412189749]
        },
        "kernel_hscv": {
          "bias": [-0.172368023859266],
          "rmse": [0.172368023859266]
        },
        "kernel_opt": {
          "bias": [-0.171653008540489],
          "rmse": [0.171653008540489]
        },
        "kernel_iqr": {
          "bias": [-0.168982663145919],
          "rmse": [0.168982663145919]
        }
      }
    },
    "t0: 0.4": {
      "true_eta": [0.474293093947297],
      "size: 20": {
        "parametric": {
          "bias": [0.128139230607556],
          "rmse": [0.128139230607556]
        },