{
  "header": ["Simulation results for  gamma_1_box_cox_inside_eta_box_cox_before_eta"],
  "AUC: 0.6": {
    "missing_param": [1.083984375],
    "t0: 0.2": {
      "true_eta": [0.0309428992928271],
      "size: 20": {
        "parametric": {
          "bias": [0.0400191035421352],
          "rmse": [0.0400191035421352]
        },
        "kernel_hscv": {
          "bias": [0.0228852186068709],
          "rmse": [0.0228852186068709]
        },
        "kernel_opt": {
          "bias": [0.0265062924308746],
          "rmse": [0.0265062924308746]
        },
        "kernel_iqr": {
          "bias": [0.0344584259986956],
          "rmse": [0.0344584259986956]
        }
      },
      "size: 50": {
        "parametric": {
          "bias": [0.0244688679591097],
          "rmse": [0.0244688679591097]
        },
        "kernel_hscv": {
          "bias": [0.0321344289900892],
          "rmse": [0.0321344289900892]
        },
        "kernel_opt": {
          "bias": [0.0237041501918431],
          "rmse": [0.0237041501918431]
        },
        "kernel_iqr": {
          "bias": [0.0339442308071449],
          "rmse": [0.0339442308071449]
        }
      },
      "size: 100": {
        "parametric": {
          "bias": [0.00970414411446672],
          "rmse": [0.00970414411446672]
        },
        "kernel_hscv": {
          "bias": [-0.00806560779906087],
          "rmse": [0.00806560779906087]
        },
        "kernel_opt": {
          "bias": [-0.00664376302326638],
          "rmse": [0.00664376302326638]
        },
        "kernel_iqr": {
          "bias": [-0.0101370141994694],
          "rmse": [0.0101370141994694]
        }
      }
    },
    "t0: 0.4": {
      "true_eta": [0.0851299860761378],
      "size: 20": {
        "parametric": {
          "bias": [0.208946956860759],
          "rmse": [0.208946956860759]
        },
        "kernel_hscv": {
          "bias": [0.176044774980639],
          "rmse": [0.176044774980639]
        },
        "kernel_opt": {
          "bias": [0.162194349688429],
          "rmse": [0.162194349688429]
        },
        "kernel_iqr": {
          "bias": [0.211116609899577],
          "rmse": [0.211116609899577]
        }
      },
      "size: 50": {
        "parametric": {
          "bias": [-0.0373006149313119],
          "rmse": [0.0373006149313119]
        },
        "kernel_hscv": {
          "bias": [0.0276843218243855],
          "rmse": [0.0276843218243855]
        },
        "kernel_opt": {
          "bias": [0.0165716959711601],
          "rmse": [0.0165716959711601]
        },
        "kernel_iqr": {
          "bias": [0.0329137873451835],
          "rmse": [0.0329137873451835]
        }
      },
      "size: 100": {
        "parametric": {
          "bias": [0.025194924567947],
          "rmse": [0.025194924567947]
        },
        "kernel_hscv": {
          "bias": [-0.00038110225921105],
          "rmse": [0.00038110225921105]
        },
        "kernel_opt": {
          "bias": [-0.00167121976903198],
          "rmse": [0.00167121976903198]
        },
        "kernel_iqr": {
          "bias": [0.00532082583727604],
          "rmse": [0.00532082583727604]
        }
      }
    },
    "t0: 0.8": {
      "true_eta": [0.111089964264254],
      "size: 20": {
        "parametric": {
          "bias": [0.20647517716608],
          "rmse": [0.20647517716608]
        },
        "kernel_hscv": {
          "bias": [0.198465773218238],
          "rmse": [0.198465773218238]
        },
        "kernel_opt": {
          "bias": [0.179966550677924],
          "rmse": [0.179966550677924]
        },
        "kernel_iqr": {
          "bias": [0.158514452453802],
          "rmse": [0.158514452453802]
        }
      },
      "size: 50": {
        "parametric": {
          "bias": [0.0226718264317567],
          "rmse": [0.0226718264317567]
        },
        "kernel_hscv": {
          "bias": [-0.0100587941618483],
          "rmse": [0.0100587941618483]
        },
        "kernel_opt": {
          "bias": [-0.0144528311989433],
          "rmse": [0.0144528311989433]
        },
        "kernel_iqr": {
          "bias": [-0.00583087626679202],
          "rmse": [0.00583087626679202]
        }
      },
      "size: 100": {
        "parametric": {
          "bias": [0.0424632792092297],
          "rmse": [0.0424632792092297]
        },
        "kernel_hscv": {
          "bias": [-0.0213203814101291],
          "rmse": [0.0213203814101291]
        },
        "kernel_opt": {
          "bias": [-0.0144505543986571],
          "rmse": [0.0144505543986571]
        },
        "kernel_iqr": {
          "bias": [-0.0119310259254754],
          "rmse": [0.0119310259254754]
        }
      }
    },
    "t0: 1": {
      "true_eta": [0.184573025377759],
      "size: 20": {
        "parametric": {
          "bias": [0.313198934306105],
          "rmse": [0.313198934306105]
        },
        "kernel_hscv": {
          "bias": [0.260080062255837],
          "rmse": [0.260080062255837]
        },
        "kernel_opt": {
          "bias": [0.265916875584028],
          "rmse": [0.265916875584028]
        },
        "kernel_iqr": {
          "bias": [0.244252712646036],
          "rmse": [0.244252712646036]
        }
      },
      "size: 50": {
        "parametric": {
          "bias": [0.0506808012501933],
          "rmse": [0.0506808012501933]
        },
        "kernel_hscv": {
          "bias": [0.00766299952057992],
          "rmse": [0.00766299952057992]
        },
        "kernel_opt": {
          "bias": [0.0125609112999246],
          "rmse": [0.0125609112999246]
        },
        "kernel_iqr": {
          "bias": [0.0186023690799485],
          "rmse": [0.0186023690799485]
        }
      },
      "size: 100": {
        "parametric": {
          "bias": [0.00857048110524117],
          "rmse": [0.00857048110524117]
        },
        "kernel_hscv": {
          "bias": [0.0148247644956218],
          "rmse": [0.0148247644956218]
        },
        "kernel_opt": {
          "bias": [0.0104835004584701],
          "rmse": [0.0104835004584701]
        },
        "kernel_iqr": {
          "bias": [0.0215031025504104],
          "rmse": [0.0215031025504104]
        }
      }
    }
  },
  "AUC: 0.75": {
    "missing_param": [1.8603515625],
    "t0: 0.2": {
      "true_eta": [0.250804114123376],
      "size: 20": {
        "parametric": {
          "bias": [0.368232389560305],
          "rmse": [0.368232389560305]
        },
        "kernel_hscv": {
          "bias": [0.323392615998479],
          "rmse": [0.323392615998479]
        },
        "kernel_opt": {
          "bias": [0.316936708252702],
          "rmse": [0.316936708252702]
        },
        "kernel_iqr": {
          "bias": [0.379956255811769],
          "rmse": [0.379956255811769]
        }
      },
      "size: 50": {
        "parametric": {
          "bias": [0.211028424529315],
          "rmse": [0.211028424529315]
        },
        "kernel_hscv": {
          "bias": [0.122283929715888],
          "rmse": [0.122283929715888]
        },
        "kernel_opt": {
          "bias": [0.115008437164165],
          "rmse": [0.115008437164165]
        },
        "kernel_iqr": {
          "bias": [0.143626997430096],
          "rmse": [0.143626997430096]
        }
      },
      "size: 100": {
        "parametric": {
          "bias": [-0.00459124685766002],
          "rmse": [0.00459124685766002]
        },
        "kernel_hscv": {
          "bias": [-0.0231077679731709],
          "rmse": [0.0231077679731709]
        },
        "kernel_opt": {
          "bias": [-0.0253124775391645],
          "rmse": [0.0253124775391645]
        },
        "kernel_iqr": {
          "bias": [-0.000223956574667339],
          "rmse": [0.000223956574667339]
        }
      }
    },
    "t0: 0.4": {
      "true_eta": [0.295078511233659],
      "size: 20": {
        "parametric": {
          "bias": [0.0754074668887407],
          "rmse": [0.0754074668887407]
        },