{
  "header": ["Simulation results for  gamma_2_box_cox_parametric"],
  "AUC: 0.6": {
    "missing_param": [3.251953125],
    "t0: 0.2": {
      "true_eta": [0.107598407142164],
      "size: 50": {
        "parametric": {
          "bias": [0.00475590306682819],
          "rmse": [0.0328663792369804]
        },
        "kernel_hscv": {
          "bias": [0.0277812746910918],
          "rmse": [0.061924875637064]
        },
        "kernel_opt": {
          "bias": [0.0142741624600146],
          "rmse": [0.0317401080749286]
        },
        "kernel_iqr": {
          "bias": [0.0301796024683425],
          "rmse": [0.0682131576683383]
        }
      },
      "size: 100": {
        "parametric": {
          "bias": [-0.00299573620582379],
          "rmse": [0.0190197041605127]
        },
        "kernel_hscv": {
          "bias": [0.0133751749273811],
          "rmse": [0.0346042048690949]
        },
        "kernel_opt": {
          "bias": [0.00914531609709709],
          "rmse": [0.023665052103505]
        },
        "kernel_iqr": {
          "bias": [0.0129899074555217],
          "rmse": [0.0329744144364897]
        }
      }
    },
    "t0: 0.4": {
      "true_eta": [0.305819906087],
      "size: 50": {
        "parametric": {
          "bias": [-0.00643657728895958],
          "rmse": [0.0808730508959817]
        },
        "kernel_hscv": {
          "bias": [-0.0286082541866887],
          "rmse": [0.0962926014469858]
        },
        "kernel_opt": {
          "bias": [-0.107699352588268],
          "rmse": [0.1186087368715]
        },
        "kernel_iqr": {
          "bias": [-0.0447859234825775],
          "rmse": [0.098534422662397]
        }
      },
      "size: 100": {
        "parametric": {
          "bias": [-0.00303978484190959],
          "rmse": [0.0578636952002211]
        },
        "kernel_hscv": {
          "bias": [-0.0149382952276708],
          "rmse": [0.077743544390685]
        },
        "kernel_opt": {
          "bias": [-0.106849042126416],
          "rmse": [0.114260042247531]
        },
        "kernel_iqr": {
          "bias": [-0.0422282060167908],
          "rmse": [0.0788368487106533]
        }
      }
    },
    "t0: 0.8": {
      "true_eta": [0.397302092080336],
      "size: 50": {
        "parametric": {
          "bias": [-0.00870358816253869],
          "rmse": [0.060053045672366]
        },
        "kernel_hscv": {
          "bias": [-0.0402605924459093],
          "rmse": [0.0837728381281076]
        },
        "kernel_opt": {
          "bias": [-0.0617383260512062],
          "rmse": [0.0909371511834659]
        },
        "kernel_iqr": {
          "bias": [-0.0459469407516862],
          "rmse": [0.0845976358451043]
        }
      },
      "size: 100": {
        "parametric": {
          "bias": [-0.0116982868152383],
          "rmse": [0.0442050897065426]
        },
        "kernel_hscv": {
          "bias": [-0.0375158074846774],
          "rmse": [0.0661537263623981]
        },
        "kernel_opt": {
          "bias": [-0.0733785639967907],
          "rmse": [0.0860409952816403]
        },
        "kernel_iqr": {
          "bias": [-0.0559171478029615],
          "rmse": [0.0736565469723056]
        }
      }
    },
    "t0: 1": {
      "true_eta": [0.430703309013321],
      "size: 50": {
        "parametric": {
          "bias": [-0.00292607814896495],
          "rmse": [0.0476568452053684]
        },
        "kernel_hscv": {
          "bias": [-0.0466642947508274],
          "rmse": [0.0779409306737192]
        },
        "kernel_opt": {
          "bias": [-0.0792688923514188],
          "rmse": [0.100614958246641]
        },
        "kernel_iqr": {
          "bias": [-0.0519049218354181],
          "rmse": [0.0792891516536152]
        }
      },
      "size: 100": {
        "parametric": {
          "bias": [-0.00719451297852952],
          "rmse": [0.0360129974595061]
        },
        "kernel_hscv": {
          "bias": [-0.0408789990717761],
          "rmse": [0.0638205230606182]
        },
        "kernel_opt": {
          "bias": [-0.0859348918181649],
          "rmse": [0.0967832800394522]
        },
        "kernel_iqr": {
          "bias": [-0.0588595547408042],
          "rmse": [0.0737844023382952]
        }
      }
    }
  },
  "AUC: 0.75": {
    "missing_param": [5.80078125],
    "t0: 0.2": {
      "true_eta": [0.287235404027995],
      "size: 50": {
        "parametric": {
          "bias": [0.0539832642677549],
          "rmse": [0.147226414313082]
        },
        "kernel_hscv": {
          "bias": [0.025821008223176],
          "rmse": [0.17304011998484]
        },
        "kernel_opt": {
          "bias": [-0.0619654155259843],
          "rmse": [0.141347184117321]
        },
        "kernel_iqr": {
          "bias": [0.0183096910505277],
          "rmse": [0.173633837609678]
        }
      },
      "size: 100": {
        "parametric": {
          "bias": [0.0500213231760583],
          "rmse": [0.115513966368543]
        },
        "kernel_hscv": {
          "bias": [0.00947233242911727],
          "rmse": [0.137787643351308]
        },
        "kernel_opt": {
          "bias": [-0.0661749458165979],
          "rmse": [0.121733456621959]
        },
        "kernel_iqr": {
          "bias": [-0.0047585954410615],
          "rmse": [0.133601028149423]
        }
      }
    },
    "t0: 0.4": {
      "true_eta": [0.47115712767234],
      "size: 50": {
        "parametric": {
          "bias": [0.0216921737476286],
          "rmse": [0.0587111556398282]
        },
        "kernel_hscv": {
          "bias": [0.00421914958000413],
          "rmse": [0.0942753284837037]
        },
        "kernel_opt": {
          "bias": [-0.0901662470499852],
          "rmse": [0.11658035024603]
        },
        "kernel_iqr": {
          "bias": [-0.00383564168981843],
          "rmse": [0.0981525875554855]
        }
      },
      "size: 100": {
        "parametric": {
          "bias": [0.0183410741665161],
          "rmse": [0.0415488003468706]
        },
        "kernel_hscv": {
          "bias": [-0.00260368204706724],
          "rmse": [0.0631682589364559]
        },
        "kernel_opt": {
          "bias": [-0.0791074531702725],
          "rmse": [0.0947257946829533]
        },
        "kernel_iqr": {
          "bias": [-0.0154867421682942],
          "rmse": [0.0658028750927416]
        }
      }
    },
    "t0: 0.8": {
      "true_eta": [0.501020066766025],
      "size: 50": {
        "parametric": {
          "bias": [0.0194475401036664],
          "rmse": [0.0508125451922647]
        },
        "kernel_hscv": {
          "bias": [-0.00206784043470071],
          "rmse": [0.0764741885280883]
        },
        "kernel_opt": {
          "bias": [-0.0813491138907359],
          "rmse": [0.0995680391193938]
        },
        "kernel_iqr": {
          "bias": [-0.00830911679018115],
          "rmse": [0.081732127308239]
        }
      },
      "size: 100": {
        "parametric": {
          "bias": [0.0142932100763866],
          "rmse": [0.0362813433207673]
        },
        "kernel_hscv": {
          "bias": [-0.00814492140075368],
          "rmse": [0.0531984243094458]
        },
        "kernel_opt": {
          "bias": [-0.07641643054287],
          "rmse": [0.0877775747950158]
        },
        "kernel_iqr": {
          "bias": [-0.0205646230444106],
          "rmse": [0.0574796665122184]
        }
      }
    },
    "t0: 1": {
      "true_eta": [0.51802792718699],
      "size: 50": {
        "parametric": {
          "bias": [0.0174617497103848],
          "rmse": [0.0443920511438588]
        },
        "kernel_hscv": {
          "bias": [-0.00404926727187582],