{
  "header": ["Simulation results for  gamma_1_box_cox_parametric"],
  "AUC: 0.6": {
    "missing_param": [1.083984375],
    "t0: 0.2": {
      "true_eta": [0.0309428992928271],
      "size: 50": {
        "parametric": {
          "bias": [0.02655453148645],
          "rmse": [0.0540371551846832]
        },
        "kernel_hscv": {
          "bias": [0.177791275045997],
          "rmse": [0.233425702302032]
        },
        "kernel_opt": {
          "bias": [0.0811725260818537],
          "rmse": [0.136144124339411]
        },
        "kernel_iqr": {
          "bias": [0.163398938682635],
          "rmse": [0.225951031146364]
        }
      },
      "size: 100": {
        "parametric": {
          "bias": [0.0145749879425149],
          "rmse": [0.0317071452448259]
        },
        "kernel_hscv": {
          "bias": [0.124246326336719],
          "rmse": [0.161338050128397]
        },
        "kernel_opt": {
          "bias": [0.0455863579763985],
          "rmse": [0.0741481130144454]
        },
        "kernel_iqr": {
          "bias": [0.0949908715024907],
          "rmse": [0.130488662760118]
        }
      }
    },
    "t0: 0.4": {
      "true_eta": [0.0851299860761378],
      "size: 50": {
        "parametric": {
          "bias": [0.020115337960852],
          "rmse": [0.0665740446091599]
        },
        "kernel_hscv": {
          "bias": [0.168069245198349],
          "rmse": [0.221238600901226]
        },
        "kernel_opt": {
          "bias": [0.0457186090996653],
          "rmse": [0.114584634410365]
        },
        "kernel_iqr": {
          "bias": [0.145582566613209],
          "rmse": [0.209180935083266]
        }
      },
      "size: 100": {
        "parametric": {
          "bias": [0.00801403668183971],
          "rmse": [0.0416284761480846]
        },
        "kernel_hscv": {
          "bias": [0.111832901824305],
          "rmse": [0.14705628840777]
        },
        "kernel_opt": {
          "bias": [0.00967348248265695],
          "rmse": [0.05879939200019]
        },
        "kernel_iqr": {
          "bias": [0.0770651933312352],
          "rmse": [0.11959992727616]
        }
      }
    },
    "t0: 0.8": {
      "true_eta": [0.111089964264254],
      "size: 50": {
        "parametric": {
          "bias": [0.0233569803186913],
          "rmse": [0.0741887050973275]
        },
        "kernel_hscv": {
          "bias": [0.160180785803299],
          "rmse": [0.209062873111482]
        },
        "kernel_opt": {
          "bias": [0.041496702434624],
          "rmse": [0.106266253519281]
        },
        "kernel_iqr": {
          "bias": [0.138711920403489],
          "rmse": [0.197956668042252]
        }
      },
      "size: 100": {
        "parametric": {
          "bias": [0.00924961020239892],
          "rmse": [0.0495817720511208]
        },
        "kernel_hscv": {
          "bias": [0.108679088998418],
          "rmse": [0.144619161812998]
        },
        "kernel_opt": {
          "bias": [0.00167114434356624],
          "rmse": [0.0580198443230436]
        },
        "kernel_iqr": {
          "bias": [0.0690630309830418],
          "rmse": [0.111714757699466]
        }
      }
    },
    "t0: 1": {
      "true_eta": [0.184573025377759],
      "size: 50": {
        "parametric": {
          "bias": [0.0116477531876408],
          "rmse": [0.0774115688825893]
        },
        "kernel_hscv": {
          "bias": [0.0936694542474611],
          "rmse": [0.161918788035016]
        },
        "kernel_opt": {
          "bias": [-0.0268184548034086],
          "rmse": [0.104764077284246]
        },
        "kernel_iqr": {
          "bias": [0.0699745699898197],
          "rmse": [0.154763230868789]
        }
      },
      "size: 100": {
        "parametric": {
          "bias": [0.00249557298268629],
          "rmse": [0.0555391406860402]
        },
        "kernel_hscv": {
          "bias": [0.054570281955957],
          "rmse": [0.105760548729574]
        },
        "kernel_opt": {
          "bias": [-0.0645012336186141],
          "rmse": [0.088777196004525]
        },
        "kernel_iqr": {
          "bias": [0.0121253334631981],
          "rmse": [0.0892419117889011]
        }
      }
    }
  },
  "AUC: 0.75": {
    "missing_param": [1.845703125],
    "t0: 0.2": {
      "true_eta": [0.245797420646064],
      "size: 50": {
        "parametric": {
          "bias": [0.0396276891946669],
          "rmse": [0.116174124940566]
        },
        "kernel_hscv": {
          "bias": [0.219728811987012],
          "rmse": [0.280150177243268]
        },
        "kernel_opt": {
          "bias": [0.0854554738784514],
          "rmse": [0.194615462118155]
        },
        "kernel_iqr": {
          "bias": [0.193849733447177],
          "rmse": [0.267249930544051]
        }
      },
      "size: 100": {
        "parametric": {
          "bias": [0.0273271062955071],
          "rmse": [0.0831366714696439]
        },
        "kernel_hscv": {
          "bias": [0.15689452102324],
          "rmse": [0.205888124231337]
        },
        "kernel_opt": {
          "bias": [0.0394125102864508],
          "rmse": [0.128388970392224]
        },
        "kernel_iqr": {
          "bias": [0.117005489078094],
          "rmse": [0.181293970776731]
        }
      }
    },
    "t0: 0.4": {
      "true_eta": [0.29128153052299],
      "size: 50": {
        "parametric": {
          "bias": [0.0428458281874323],
          "rmse": [0.09587049031629]
        },
        "kernel_hscv": {
          "bias": [0.200566694122055],
          "rmse": [0.250320801327821]
        },
        "kernel_opt": {
          "bias": [0.0618786576304853],
          "rmse": [0.167347075931977]
        },
        "kernel_iqr": {
          "bias": [0.175467128269439],
          "rmse": [0.239282117356683]
        }
      },
      "size: 100": {
        "parametric": {
          "bias": [0.030074439785033],
          "rmse": [0.0676713696643292]
        },
        "kernel_hscv": {
          "bias": [0.144827779723368],
          "rmse": [0.180972205760596]
        },
        "kernel_opt": {
          "bias": [0.02154262038666],
          "rmse": [0.105290511180237]
        },
        "kernel_iqr": {
          "bias": [0.105724546764461],
          "rmse": [0.156372732705735]
        }
      }
    },
    "t0: 0.8": {
      "true_eta": [0.336071934851124],
      "size: 50": {
        "parametric": {
          "bias": [0.0408969799503229],
          "rmse": [0.0940425449594652]
        },
        "kernel_hscv": {
          "bias": [0.173795503654642],
          "rmse": [0.221970886386112]
        },
        "kernel_opt": {
          "bias": [0.0412126862500953],
          "rmse": [0.157022706363762]
        },
        "kernel_iqr": {
          "bias": [0.149611078520357],
          "rmse": [0.21312826038636]
        }
      },
      "size: 100": {
        "parametric": {
          "bias": [0.0241230918745023],
          "rmse": [0.064113013876691]
        },
        "kernel_hscv": {
          "bias": [0.12115659163083],
          "rmse": [0.157062953485589]
        },
        "kernel_opt": {
          "bias": [-0.00203486045116918],
          "rmse": [0.101850661587873]
        },
        "kernel_iqr": {
          "bias": [0.0842851238561846],
          "rmse": [0.136338198070429]
        }
      }
    },
    "t0: 1": {
      "true_eta": [0.381325782135108],
      "size: 50": {
        "parametric": {
          "bias": [0.0266280869724136],
          "rmse": [0.0771787290743513]
        },
        "kernel_hscv": {
          "bias": [0.130600951470295],
          "rmse": [0.183253323392014]
        },
        "kernel_opt": {
          "bias": [0.0057152381117998],