{
  "header": ["Simulation results for  gamma_3_box_cox_inside_eta"],
  "AUC: 0.6": {
    "missing_param": [0.36346435546875],
    "t0: 0.2": {
      "true_eta": [0.715291452539729],
      "size: 20": {
        "parametric": {
          "bias": [-0.555602562959651],
          "rmse": [0.555602562959651]
        },
        "kernel_hscv": {
          "bias": [-0.616316188664231],
          "rmse": [0.616316188664231]
        },
        "kernel_opt": {
          "bias": [-0.638070889788819],
          "rmse": [0.638070889788819]
        },
        "kernel_iqr": {
          "bias": [-0.562708461649055],
          "rmse": [0.562708461649055]
        }
      },
      "size: 50": {
        "parametric": {
          "bias": [-0.0388640154103251],
          "rmse": [0.0388640154103251]
        },
        "kernel_hscv": {
          "bias": [-0.131109538831363],
          "rmse": [0.131109538831363]
        },
        "kernel_opt": {
          "bias": [-0.129171385663338],
          "rmse": [0.129171385663338]
        },
        "kernel_iqr": {
          "bias": [-0.119370898243055],
          "rmse": [0.119370898243055]
        }
      },
      "size: 100": {
        "parametric": {
          "bias": [-0.336113157681816],
          "rmse": [0.336113157681816]
        },
        "kernel_hscv": {
          "bias": [-0.23080186966582],
          "rmse": [0.23080186966582]
        },
        "kernel_opt": {
          "bias": [-0.208197462398085],
          "rmse": [0.208197462398085]
        },
        "kernel_iqr": {
          "bias": [-0.144873585032566],
          "rmse": [0.144873585032566]
        }
      }
    },
    "t0: 0.4": {
      "true_eta": [0.71539559793378],
      "size: 20": {
        "parametric": {
          "bias": [-0.096115718975884],
          "rmse": [0.096115718975884]
        },
        "kernel_hscv": {
          "bias": [-0.221032694744798],
          "rmse": [0.221032694744798]
        },
        "kernel_opt": {
          "bias": [-0.121406438238006],
          "rmse": [0.121406438238006]
        },
        "kernel_iqr": {
          "bias": [-0.00132293324261923],
          "rmse": [0.00132293324261923]
        }
      },
      "size: 50": {
        "parametric": {
          "bias": [-0.528465204094971],
          "rmse": [0.528465204094971]
        },
        "kernel_hscv": {
          "bias": [-0.215225655194844],
          "rmse": [0.215225655194844]
        },
        "kernel_opt": {
          "bias": [-0.277938382901866],
          "rmse": [0.277938382901866]
        },
        "kernel_iqr": {
          "bias": [-0.252796733047944],
          "rmse": [0.252796733047944]
        }
      },
      "size: 100": {
        "parametric": {
          "bias": [-0.286009670751047],
          "rmse": [0.286009670751047]
        },
        "kernel_hscv": {
          "bias": [-0.235604354751274],
          "rmse": [0.235604354751274]
        },
        "kernel_opt": {
          "bias": [-0.225955825046559],
          "rmse": [0.225955825046559]
        },
        "kernel_iqr": {
          "bias": [-0.165095154312773],
          "rmse": [0.165095154312773]
        }
      }
    },
    "t0: 0.8": {
      "true_eta": [0.715713752506088],
      "size: 20": {
        "parametric": {
          "bias": [-0.690103488945178],
          "rmse": [0.690103488945178]
        },
        "kernel_hscv": {
          "bias": [-0.689540870659334],
          "rmse": [0.689540870659334]
        },
        "kernel_opt": {
          "bias": [-0.690125284469443],
          "rmse": [0.690125284469443]
        },
        "kernel_iqr": {
          "bias": [-0.678273666107283],
          "rmse": [0.678273666107283]
        }
      },
      "size: 50": {
        "parametric": {
          "bias": [-0.158449276736269],
          "rmse": [0.158449276736269]
        },
        "kernel_hscv": {
          "bias": [-0.13380252475646],
          "rmse": [0.13380252475646]
        },
        "kernel_opt": {
          "bias": [-0.117257314335447],
          "rmse": [0.117257314335447]
        },
        "kernel_iqr": {
          "bias": [-0.154570827694077],
          "rmse": [0.154570827694077]
        }
      },
      "size: 100": {
        "parametric": {
          "bias": [-0.268624674157235],
          "rmse": [0.268624674157235]
        },
        "kernel_hscv": {
          "bias": [-0.04383047935096],
          "rmse": [0.04383047935096]
        },
        "kernel_opt": {
          "bias": [-0.0679305849632023],
          "rmse": [0.0679305849632023]
        },
        "kernel_iqr": {
          "bias": [-0.0463463961795471],
          "rmse": [0.0463463961795471]
        }
      }
    },
    "t0: 1": {
      "true_eta": [0.71591689946712],
      "size: 20": {
        "parametric": {
          "bias": [0.057353501148237],
          "rmse": [0.057353501148237]
        },
        "kernel_hscv": {
          "bias": [0.0470807943117488],
          "rmse": [0.0470807943117488]
        },
        "kernel_opt": {
          "bias": [0.052206534938669],
          "rmse": [0.052206534938669]
        },
        "kernel_iqr": {
          "bias": [0.0619993427115605],
          "rmse": [0.0619993427115605]
        }
      },
      "size: 50": {
        "parametric": {
          "bias": [-0.331186835973251],
          "rmse": [0.331186835973251]
        },
        "kernel_hscv": {
          "bias": [-0.48947775565366],
          "rmse": [0.48947775565366]
        },
        "kernel_opt": {
          "bias": [-0.408629809254274],
          "rmse": [0.408629809254274]
        },
        "kernel_iqr": {
          "bias": [-0.303375422017491],
          "rmse": [0.303375422017491]
        }
      },
      "size: 100": {
        "parametric": {
          "bias": [-0.0250368828074361],
          "rmse": [0.0250368828074361]
        },
        "kernel_hscv": {
          "bias": [-0.0163288257002913],
          "rmse": [0.0163288257002913]
        },
        "kernel_opt": {
          "bias": [-0.014088095853789],
          "rmse": [0.014088095853789]
        },
        "kernel_iqr": {
          "bias": [-0.00225718810403264],
          "rmse": [0.00225718810403264]
        }
      }
    }
  },
  "AUC: 0.75": {
    "missing_param": [0.57861328125],
    "t0: 0.2": {
      "true_eta": [0.79039090858581],
      "size: 20": {
        "parametric": {
          "bias": [-0.178613267858884],
          "rmse": [0.178613267858884]
        },
        "kernel_hscv": {
          "bias": [-0.318774661789268],
          "rmse": [0.318774661789268]
        },
        "kernel_opt": {
          "bias": [-0.300945681829146],
          "rmse": [0.300945681829146]
        },
        "kernel_iqr": {
          "bias": [-0.268114542328606],
          "rmse": [0.268114542328606]
        }
      },
      "size: 50": {
        "parametric": {
          "bias": [-0.0285093398112738],
          "rmse": [0.0285093398112738]
        },
        "kernel_hscv": {
          "bias": [-0.0269302903083594],
          "rmse": [0.0269302903083594]
        },
        "kernel_opt": {
          "bias": [-0.0281799169890159],
          "rmse": [0.0281799169890159]
        },
        "kernel_iqr": {
          "bias": [-0.023977576359311],
          "rmse": [0.023977576359311]
        }
      },
      "size: 100": {
        "parametric": {
          "bias": [-0.0753751438783772],
          "rmse": [0.0753751438783772]
        },
        "kernel_hscv": {
          "bias": [-0.071948265581235],
          "rmse": [0.071948265581235]
        },
        "kernel_opt": {
          "bias": [-0.0514322233252703],
          "rmse": [0.0514322233252703]
        },
        "kernel_iqr": {
          "bias": [-0.042672695285603],
          "rmse": [0.042672695285603]
        }
      }
    },
    "t0: 0.4": {
      "true_eta": [0.790405246551748],
      "size: 20": {
        "parametric": {
          "bias": [-0.00239624433840302],
          "rmse": [0.00239624433840302]
        },
        "kernel_hscv": {
          "bias": [-0.0168731018454862],