{
  "header": ["Simulation results for  gamma_3_box_cox_parametric_and_kernel"],
  "AUC: 0.6": {
    "missing_param": [0.36346435546875],
    "t0: 0.2": {
      "true_eta": [0.715291452539729],
      "size: 50": {
        "parametric": {
          "bias": [-0.234337528565849],
          "rmse": [0.297625392603981]
        },
        "kernel_hscv": {
          "bias": [-0.214307341064385],
          "rmse": [0.286851614680905]
        },
        "kernel_opt": {
          "bias": [-0.21040118623468],
          "rmse": [0.280852637949293]
        },
        "kernel_iqr": {
          "bias": [-0.166395664599319],
          "rmse": [0.242609003172642]
        }
      },
      "size: 100": {
        "parametric": {
          "bias": [-0.217575610099515],
          "rmse": [0.258999128848626]
        },
        "kernel_hscv": {
          "bias": [-0.162921331071713],
          "rmse": [0.209698419715075]
        },
        "kernel_opt": {
          "bias": [-0.160774785169648],
          "rmse": [0.205676427603228]
        },
        "kernel_iqr": {
          "bias": [-0.134526424521949],
          "rmse": [0.179657444340381]
        }
      }
    },
    "t0: 0.4": {
      "true_eta": [0.71539559793378],
      "size: 50": {
        "parametric": {
          "bias": [-0.227349090736033],
          "rmse": [0.289258236648342]
        },
        "kernel_hscv": {
          "bias": [-0.209640729348287],
          "rmse": [0.280321219365268]
        },
        "kernel_opt": {
          "bias": [-0.204279169458197],
          "rmse": [0.272283786702967]
        },
        "kernel_iqr": {
          "bias": [-0.160906228770314],
          "rmse": [0.232588556858359]
        }
      },
      "size: 100": {
        "parametric": {
          "bias": [-0.22827431198352],
          "rmse": [0.270750776596745]
        },
        "kernel_hscv": {
          "bias": [-0.1717309084778],
          "rmse": [0.224256943726708]
        },
        "kernel_opt": {
          "bias": [-0.168969419782699],
          "rmse": [0.219555443534207]
        },
        "kernel_iqr": {
          "bias": [-0.143529199326026],
          "rmse": [0.195366490877869]
        }
      }
    },
    "t0: 0.8": {
      "true_eta": [0.715713752506088],
      "size: 50": {
        "parametric": {
          "bias": [-0.219552100499345],
          "rmse": [0.282524599553793]
        },
        "kernel_hscv": {
          "bias": [-0.202502390292903],
          "rmse": [0.272355893536839]
        },
        "kernel_opt": {
          "bias": [-0.198180258520873],
          "rmse": [0.265585413082634]
        },
        "kernel_iqr": {
          "bias": [-0.155423214543588],
          "rmse": [0.226462802230009]
        }
      },
      "size: 100": {
        "parametric": {
          "bias": [-0.214808109209403],
          "rmse": [0.254156754124859]
        },
        "kernel_hscv": {
          "bias": [-0.163978236134598],
          "rmse": [0.209590445204933]
        },
        "kernel_opt": {
          "bias": [-0.157952704432792],
          "rmse": [0.20127171017492]
        },
        "kernel_iqr": {
          "bias": [-0.132257471758875],
          "rmse": [0.176479031279244]
        }
      }
    },
    "t0: 1": {
      "true_eta": [0.71591689946712],
      "size: 50": {
        "parametric": {
          "bias": [-0.217144759734727],
          "rmse": [0.280834191386885]
        },
        "kernel_hscv": {
          "bias": [-0.20907628400453],
          "rmse": [0.27944426334185]
        },
        "kernel_opt": {
          "bias": [-0.207298730883631],
          "rmse": [0.275053513024557]
        },
        "kernel_iqr": {
          "bias": [-0.162497461354527],
          "rmse": [0.234425590184653]
        }
      },
      "size: 100": {
        "parametric": {
          "bias": [-0.214486654872605],
          "rmse": [0.250872935207679]
        },
        "kernel_hscv": {
          "bias": [-0.164813734424632],
          "rmse": [0.209577402413575]
        },
        "kernel_opt": {
          "bias": [-0.161487682906276],
          "rmse": [0.204245797380949]
        },
        "kernel_iqr": {
          "bias": [-0.135730685802166],
          "rmse": [0.179255947313731]
        }
      }
    }
  },
  "AUC: 0.75": {
    "missing_param": [0.574951171875],
    "t0: 0.2": {
      "true_eta": [0.789588897142076],
      "size: 50": {
        "parametric": {
          "bias": [-0.13233096016591],
          "rmse": [0.182295737144947]
        },
        "kernel_hscv": {
          "bias": [-0.135036605000225],
          "rmse": [0.184504790068217]
        },
        "kernel_opt": {
          "bias": [-0.126476364305606],
          "rmse": [0.173921560547461]
        },
        "kernel_iqr": {
          "bias": [-0.102100264786056],
          "rmse": [0.147718070610525]
        }
      },
      "size: 100": {
        "parametric": {
          "bias": [-0.111025574067224],
          "rmse": [0.139902060947856]
        },
        "kernel_hscv": {
          "bias": [-0.103529228942209],
          "rmse": [0.129408009867804]
        },
        "kernel_opt": {
          "bias": [-0.097763509831242],
          "rmse": [0.122110016694621]
        },
        "kernel_iqr": {
          "bias": [-0.0843884211288621],
          "rmse": [0.107797986732478]
        }
      }
    },
    "t0: 0.4": {
      "true_eta": [0.78960348965929],
      "size: 50": {
        "parametric": {
          "bias": [-0.121507169162337],
          "rmse": [0.167538993488991]
        },
        "kernel_hscv": {
          "bias": [-0.127797622417513],
          "rmse": [0.170996239414615]
        },
        "kernel_opt": {
          "bias": [-0.120901718631746],
          "rmse": [0.163217107385431]
        },
        "kernel_iqr": {
          "bias": [-0.0968797347560987],
          "rmse": [0.136650585295492]
        }
      },
      "size: 100": {
        "parametric": {
          "bias": [-0.111383493662399],
          "rmse": [0.140337624340682]
        },
        "kernel_hscv": {
          "bias": [-0.102649128743969],
          "rmse": [0.127012291656904]
        },
        "kernel_opt": {
          "bias": [-0.097631577730101],
          "rmse": [0.120896859389268]
        },
        "kernel_iqr": {
          "bias": [-0.0843700485886352],
          "rmse": [0.106715319966988]
        }
      }
    },
    "t0: 0.8": {
      "true_eta": [0.789708690181237],
      "size: 50": {
        "parametric": {
          "bias": [-0.119951681303833],
          "rmse": [0.165830771879754]
        },
        "kernel_hscv": {
          "bias": [-0.124323025491346],
          "rmse": [0.166709081763261]
        },
        "kernel_opt": {
          "bias": [-0.118258931809541],
          "rmse": [0.159104342321885]
        },
        "kernel_iqr": {
          "bias": [-0.0946407124684658],
          "rmse": [0.132974964400624]
        }
      },
      "size: 100": {
        "parametric": {
          "bias": [-0.114245278443275],
          "rmse": [0.140114591457746]
        },
        "kernel_hscv": {
          "bias": [-0.105149857726993],
          "rmse": [0.127364749819873]
        },
        "kernel_opt": {
          "bias": [-0.100121829596032],
          "rmse": [0.121357924438246]
        },
        "kernel_iqr": {
          "bias": [-0.0867801398079662],
          "rmse": [0.107881850303337]
        }
      }
    },
    "t0: 1": {
      "true_eta": [0.789796725591744],
      "size: 50": {
        "parametric": {
          "bias": [-0.127062127534498],
          "rmse": [0.172457767433808]
        },
        "kernel_hscv": {
          "bias": [-0.126413255119032],
          "rmse": [0.168816937229667]
        },