{
  "header": ["Simulation results for  gamma_1_box_cox_parametric_and_kernel"],
  "AUC: 0.6": {
    "missing_param": [1.083984375],
    "t0: 0.2": {
      "true_eta": [0.0309428992928271],
      "size: 50": {
        "parametric": {
          "bias": [0.02655453148645],
          "rmse": [0.0540371551846832]
        },
        "kernel_hscv": {
          "bias": [0.0253857797515902],
          "rmse": [0.0586747974286391]
        },
        "kernel_opt": {
          "bias": [0.0234858210741504],
          "rmse": [0.0540870697610877]
        },
        "kernel_iqr": {
          "bias": [0.0331210193677112],
          "rmse": [0.0663725266961055]
        }
      },
      "size: 100": {
        "parametric": {
          "bias": [0.0145749879425149],
          "rmse": [0.0317071452448259]
        },
        "kernel_hscv": {
          "bias": [0.0146159131427953],
          "rmse": [0.0352641282687312]
        },
        "kernel_opt": {
          "bias": [0.0136579446275617],
          "rmse": [0.0337135344364171]
        },
        "kernel_iqr": {
          "bias": [0.0191820083925474],
          "rmse": [0.0406091374686125]
        }
      }
    },
    "t0: 0.4": {
      "true_eta": [0.0851299860761378],
      "size: 50": {
        "parametric": {
          "bias": [0.020115337960852],
          "rmse": [0.0665740446091599]
        },
        "kernel_hscv": {
          "bias": [0.0270656360124629],
          "rmse": [0.0749912188151703]
        },
        "kernel_opt": {
          "bias": [0.0226314094427656],
          "rmse": [0.0707021628105389]
        },
        "kernel_iqr": {
          "bias": [0.0362092619013538],
          "rmse": [0.083229827090769]
        }
      },
      "size: 100": {
        "parametric": {
          "bias": [0.00801403668183971],
          "rmse": [0.0416284761480846]
        },
        "kernel_hscv": {
          "bias": [0.0150958495430093],
          "rmse": [0.0534205563675837]
        },
        "kernel_opt": {
          "bias": [0.0121914769551863],
          "rmse": [0.0497503997079709]
        },
        "kernel_iqr": {
          "bias": [0.0195533878576296],
          "rmse": [0.056085308253739]
        }
      }
    },
    "t0: 0.8": {
      "true_eta": [0.111089964264254],
      "size: 50": {
        "parametric": {
          "bias": [0.0233569803186913],
          "rmse": [0.0741887050973275]
        },
        "kernel_hscv": {
          "bias": [0.0418198540064856],
          "rmse": [0.0874372563777622]
        },
        "kernel_opt": {
          "bias": [0.0341495801511647],
          "rmse": [0.078451788484061]
        },
        "kernel_iqr": {
          "bias": [0.0517808120162045],
          "rmse": [0.092987821827461]
        }
      },
      "size: 100": {
        "parametric": {
          "bias": [0.00924961020239892],
          "rmse": [0.0495817720511208]
        },
        "kernel_hscv": {
          "bias": [0.0249072790376881],
          "rmse": [0.0609822434632929]
        },
        "kernel_opt": {
          "bias": [0.0211799196734199],
          "rmse": [0.0569121711996139]
        },
        "kernel_iqr": {
          "bias": [0.0311027523089958],
          "rmse": [0.0640394708635947]
        }
      }
    },
    "t0: 1": {
      "true_eta": [0.184573025377759],
      "size: 50": {
        "parametric": {
          "bias": [0.0116477531876408],
          "rmse": [0.0774115688825893]
        },
        "kernel_hscv": {
          "bias": [0.0257734837949208],
          "rmse": [0.0819387718103828]
        },
        "kernel_opt": {
          "bias": [0.0191617073307427],
          "rmse": [0.0766402686580418]
        },
        "kernel_iqr": {
          "bias": [0.0352210684211311],
          "rmse": [0.0843811073300286]
        }
      },
      "size: 100": {
        "parametric": {
          "bias": [0.00249557298268629],
          "rmse": [0.0555391406860402]
        },
        "kernel_hscv": {
          "bias": [0.0126508675106515],
          "rmse": [0.0580773578329529]
        },
        "kernel_opt": {
          "bias": [0.00970869153709011],
          "rmse": [0.0554613532938726]
        },
        "kernel_iqr": {
          "bias": [0.0188124664443948],
          "rmse": [0.0586764499565297]
        }
      }
    }
  },
  "AUC: 0.75": {
    "missing_param": [1.845703125],
    "t0: 0.2": {
      "true_eta": [0.245797420646064],
      "size: 50": {
        "parametric": {
          "bias": [0.0396276891946669],
          "rmse": [0.116174124940566]
        },
        "kernel_hscv": {
          "bias": [-0.0140272900239169],
          "rmse": [0.118547017722195]
        },
        "kernel_opt": {
          "bias": [-0.0149139585365433],
          "rmse": [0.11555750451023]
        },
        "kernel_iqr": {
          "bias": [0.00591930058760282],
          "rmse": [0.124854633133833]
        }
      },
      "size: 100": {
        "parametric": {
          "bias": [0.0273271062955071],
          "rmse": [0.0831366714696439]
        },
        "kernel_hscv": {
          "bias": [-0.0225530701195107],
          "rmse": [0.0899015543013592]
        },
        "kernel_opt": {
          "bias": [-0.0227872059948135],
          "rmse": [0.08860999253711]
        },
        "kernel_iqr": {
          "bias": [-0.00915196130925092],
          "rmse": [0.0916799067446731]
        }
      }
    },
    "t0: 0.4": {
      "true_eta": [0.29128153052299],
      "size: 50": {
        "parametric": {
          "bias": [0.0428458281874323],
          "rmse": [0.09587049031629]
        },
        "kernel_hscv": {
          "bias": [0.0117087119330643],
          "rmse": [0.0921964284451256]
        },
        "kernel_opt": {
          "bias": [0.00756584251356834],
          "rmse": [0.0894094093687537]
        },
        "kernel_iqr": {
          "bias": [0.0277247383121239],
          "rmse": [0.0993758502349808]
        }
      },
      "size: 100": {
        "parametric": {
          "bias": [0.030074439785033],
          "rmse": [0.0676713696643292]
        },
        "kernel_hscv": {
          "bias": [-0.00101805752573592],
          "rmse": [0.0654798666237269]
        },
        "kernel_opt": {
          "bias": [-0.00360820691994657],
          "rmse": [0.0638440726885613]
        },
        "kernel_iqr": {
          "bias": [0.00867244143859036],
          "rmse": [0.0676008468524855]
        }
      }
    },
    "t0: 0.8": {
      "true_eta": [0.336071934851124],
      "size: 50": {
        "parametric": {
          "bias": [0.0408969799503229],
          "rmse": [0.0940425449594652]
        },
        "kernel_hscv": {
          "bias": [0.00878221729792611],
          "rmse": [0.0869771205936588]
        },
        "kernel_opt": {
          "bias": [0.0052507565660021],
          "rmse": [0.0851652901277597]
        },
        "kernel_iqr": {
          "bias": [0.0230929236178486],
          "rmse": [0.0919952172682171]
        }
      },
      "size: 100": {
        "parametric": {
          "bias": [0.0241230918745023],
          "rmse": [0.064113013876691]
        },
        "kernel_hscv": {
          "bias": [-0.00769177168415092],
          "rmse": [0.0615995784773466]
        },
        "kernel_opt": {
          "bias": [-0.0100099966744657],
          "rmse": [0.0611322206303791]
        },
        "kernel_iqr": {
          "bias": [0.00167390799635281],
          "rmse": [0.0622696454042921]
        }
      }
    },
    "t0: 1": {
      "true_eta": [0.381325782135108],
      "size: 50": {
        "parametric": {
          "bias": [0.0266280869724136],
          "rmse": [0.0771787290743513]
        },
        "kernel_hscv": {
          "bias": [0.00201490028741397],