{
  "header": ["Simulation results for  gamma_2_box_cox_inside_eta"],
  "AUC: 0.6": {
    "missing_param": [3.251953125],
    "t0: 0.2": {
      "true_eta": [0.107598407142164],
      "size: 20": {
        "parametric": {
          "bias": [0.0288764592028372],
          "rmse": [0.0288764592028372]
        },
        "kernel_hscv": {
          "bias": [0.0444013714154827],
          "rmse": [0.0444013714154827]
        },
        "kernel_opt": {
          "bias": [0.0453138959319294],
          "rmse": [0.0453138959319294]
        },
        "kernel_iqr": {
          "bias": [0.0458414312967219],
          "rmse": [0.0458414312967219]
        }
      },
      "size: 50": {
        "parametric": {
          "bias": [-0.00255852499271886],
          "rmse": [0.00255852499271886]
        },
        "kernel_hscv": {
          "bias": [-0.0344640155796305],
          "rmse": [0.0344640155796305]
        },
        "kernel_opt": {
          "bias": [-0.0329982350377373],
          "rmse": [0.0329982350377373]
        },
        "kernel_iqr": {
          "bias": [-0.0342354302659524],
          "rmse": [0.0342354302659524]
        }
      },
      "size: 100": {
        "parametric": {
          "bias": [0.0246872418414599],
          "rmse": [0.0246872418414599]
        },
        "kernel_hscv": {
          "bias": [0.037951748014069],
          "rmse": [0.037951748014069]
        },
        "kernel_opt": {
          "bias": [0.0376447706576206],
          "rmse": [0.0376447706576206]
        },
        "kernel_iqr": {
          "bias": [0.0384241609417244],
          "rmse": [0.0384241609417244]
        }
      }
    },
    "t0: 0.4": {
      "true_eta": [0.305819906087],
      "size: 20": {
        "parametric": {
          "bias": [0.110104644105923],
          "rmse": [0.110104644105923]
        },
        "kernel_hscv": {
          "bias": [-0.0760601889092036],
          "rmse": [0.0760601889092036]
        },
        "kernel_opt": {
          "bias": [-0.0487536007819901],
          "rmse": [0.0487536007819901]
        },
        "kernel_iqr": {
          "bias": [-0.0930810966814527],
          "rmse": [0.0930810966814527]
        }
      },
      "size: 50": {
        "parametric": {
          "bias": [-0.0860225322053967],
          "rmse": [0.0860225322053967]
        },
        "kernel_hscv": {
          "bias": [-0.120792689917094],
          "rmse": [0.120792689917094]
        },
        "kernel_opt": {
          "bias": [-0.112229316477419],
          "rmse": [0.112229316477419]
        },
        "kernel_iqr": {
          "bias": [-0.109844383790996],
          "rmse": [0.109844383790996]
        }
      },
      "size: 100": {
        "parametric": {
          "bias": [-0.0846498559924922],
          "rmse": [0.0846498559924922]
        },
        "kernel_hscv": {
          "bias": [-0.0193736403455547],
          "rmse": [0.0193736403455547]
        },
        "kernel_opt": {
          "bias": [-0.0452486416813195],
          "rmse": [0.0452486416813195]
        },
        "kernel_iqr": {
          "bias": [-0.0397411232420996],
          "rmse": [0.0397411232420996]
        }
      }
    },
    "t0: 0.8": {
      "true_eta": [0.397302092080336],
      "size: 20": {
        "parametric": {
          "bias": [0.0706464692036797],
          "rmse": [0.0706464692036797]
        },
        "kernel_hscv": {
          "bias": [0.0410675247231252],
          "rmse": [0.0410675247231252]
        },
        "kernel_opt": {
          "bias": [0.0463679336410323],
          "rmse": [0.0463679336410323]
        },
        "kernel_iqr": {
          "bias": [0.0713744970340844],
          "rmse": [0.0713744970340844]
        }
      },
      "size: 50": {
        "parametric": {
          "bias": [-0.0141105186158174],
          "rmse": [0.0141105186158174]
        },
        "kernel_hscv": {
          "bias": [-0.0124041968320799],
          "rmse": [0.0124041968320799]
        },
        "kernel_opt": {
          "bias": [-0.0213868746979748],
          "rmse": [0.0213868746979748]
        },
        "kernel_iqr": {
          "bias": [-0.0198138871443387],
          "rmse": [0.0198138871443387]
        }
      },
      "size: 100": {
        "parametric": {
          "bias": [0.0771878258309602],
          "rmse": [0.0771878258309602]
        },
        "kernel_hscv": {
          "bias": [0.0671794019994022],
          "rmse": [0.0671794019994022]
        },
        "kernel_opt": {
          "bias": [0.0718275053781243],
          "rmse": [0.0718275053781243]
        },
        "kernel_iqr": {
          "bias": [0.0775319345974706],
          "rmse": [0.0775319345974706]
        }
      }
    },
    "t0: 1": {
      "true_eta": [0.430703309013321],
      "size: 20": {
        "parametric": {
          "bias": [0.0701206771111186],
          "rmse": [0.0701206771111186]
        },
        "kernel_hscv": {
          "bias": [0.0912806523699187],
          "rmse": [0.0912806523699187]
        },
        "kernel_opt": {
          "bias": [0.0709463362920505],
          "rmse": [0.0709463362920505]
        },
        "kernel_iqr": {
          "bias": [0.0748188666391902],
          "rmse": [0.0748188666391902]
        }
      },
      "size: 50": {
        "parametric": {
          "bias": [0.0117258945600419],
          "rmse": [0.0117258945600419]
        },
        "kernel_hscv": {
          "bias": [0.0567410413118961],
          "rmse": [0.0567410413118961]
        },
        "kernel_opt": {
          "bias": [0.031975658409025],
          "rmse": [0.031975658409025]
        },
        "kernel_iqr": {
          "bias": [0.0489451842425354],
          "rmse": [0.0489451842425354]
        }
      },
      "size: 100": {
        "parametric": {
          "bias": [-0.0210870873620753],
          "rmse": [0.0210870873620753]
        },
        "kernel_hscv": {
          "bias": [0.039578466380777],
          "rmse": [0.039578466380777]
        },
        "kernel_opt": {
          "bias": [0.0236388755414749],
          "rmse": [0.0236388755414749]
        },
        "kernel_iqr": {
          "bias": [0.0356363880997038],
          "rmse": [0.0356363880997038]
        }
      }
    }
  },
  "AUC: 0.75": {
    "missing_param": [5.888671875],
    "t0: 0.2": {
      "true_eta": [0.30057599222982],
      "size: 20": {
        "parametric": {
          "bias": [-0.151482175846058],
          "rmse": [0.151482175846058]
        },
        "kernel_hscv": {
          "bias": [-0.14691876412658],
          "rmse": [0.14691876412658]
        },
        "kernel_opt": {
          "bias": [-0.147000692288045],
          "rmse": [0.147000692288045]
        },
        "kernel_iqr": {
          "bias": [-0.146918995173007],
          "rmse": [0.146918995173007]
        }
      },
      "size: 50": {
        "parametric": {
          "bias": [-0.033883643613827],
          "rmse": [0.033883643613827]
        },
        "kernel_hscv": {
          "bias": [-0.180180317006948],
          "rmse": [0.180180317006948]
        },
        "kernel_opt": {
          "bias": [-0.18616619395534],
          "rmse": [0.18616619395534]
        },
        "kernel_iqr": {
          "bias": [-0.190582590889248],
          "rmse": [0.190582590889248]
        }
      },
      "size: 100": {
        "parametric": {
          "bias": [-0.0657653732243402],
          "rmse": [0.0657653732243402]
        },
        "kernel_hscv": {
          "bias": [-0.17561479189912],
          "rmse": [0.17561479189912]
        },
        "kernel_opt": {
          "bias": [-0.173070364380146],
          "rmse": [0.173070364380146]
        },
        "kernel_iqr": {
          "bias": [-0.170338374551698],
          "rmse": [0.170338374551698]
        }
      }
    },
    "t0: 0.4": {
      "true_eta": [0.474293093947297],
      "size: 20": {
        "parametric": {
          "bias": [0.0535269202317554],
          "rmse": [0.0535269202317554]
        },