{
  "header": ["Simulation results for  lognormal_1_box_cox_parametric_and_kernel"],
  "AUC: 0.6": {
    "missing_param": [1.4013671875],
    "t0: 0.2": {
      "true_eta": [0.581099522502259],
      "size: 20": {
        "parametric": {
          "bias": [0.0250292271453296],
          "rmse": [0.121176809661364]
        },
        "kernel_hscv": {
          "bias": [-0.0320442400795015],
          "rmse": [0.150515184444276]
        },
        "kernel_opt": {
          "bias": [-0.0293039972934588],
          "rmse": [0.147792469195634]
        },
        "kernel_iqr": {
          "bias": [0.00539537721102934],
          "rmse": [0.145094069309942]
        }
      },
      "size: 50": {
        "parametric": {
          "bias": [0.0121980817804654],
          "rmse": [0.0694853308636162]
        },
        "kernel_hscv": {
          "bias": [-0.0267047920638106],
          "rmse": [0.0859849303137959]
        },
        "kernel_opt": {
          "bias": [-0.0270781644696403],
          "rmse": [0.0848669180296388]
        },
        "kernel_iqr": {
          "bias": [-0.0044434690348516],
          "rmse": [0.08303102405421]
        }
      },
      "size: 100": {
        "parametric": {
          "bias": [0.00670123396290179],
          "rmse": [0.045937130944037]
        },
        "kernel_hscv": {
          "bias": [-0.0252734556588007],
          "rmse": [0.0598424526812882]
        },
        "kernel_opt": {
          "bias": [-0.0256145384176261],
          "rmse": [0.059013358653275]
        },
        "kernel_iqr": {
          "bias": [-0.0099499979965364],
          "rmse": [0.0561130944416766]
        }
      }
    },
    "t0: 0.4": {
      "true_eta": [0.5837328746201],
      "size: 20": {
        "parametric": {
          "bias": [0.0362574594606726],
          "rmse": [0.112316603937894]
        },
        "kernel_hscv": {
          "bias": [-0.0083836144581757],
          "rmse": [0.117831650357723]
        },
        "kernel_opt": {
          "bias": [-0.00786791192287351],
          "rmse": [0.118604964226873]
        },
        "kernel_iqr": {
          "bias": [0.0241013169282494],
          "rmse": [0.12209779168369]
        }
      },
      "size: 50": {
        "parametric": {
          "bias": [0.0174239154354131],
          "rmse": [0.0696564476865079]
        },
        "kernel_hscv": {
          "bias": [-0.0159152759362102],
          "rmse": [0.0803306726826002]
        },
        "kernel_opt": {
          "bias": [-0.0175169644754376],
          "rmse": [0.0792740615365279]
        },
        "kernel_iqr": {
          "bias": [0.00485707212692066],
          "rmse": [0.0813323031994646]
        }
      },
      "size: 100": {
        "parametric": {
          "bias": [0.00752834697390325],
          "rmse": [0.0431748241412641]
        },
        "kernel_hscv": {
          "bias": [-0.0204009108344478],
          "rmse": [0.0539831360487888]
        },
        "kernel_opt": {
          "bias": [-0.0214630969570322],
          "rmse": [0.0532345442275836]
        },
        "kernel_iqr": {
          "bias": [-0.00604320948541759],
          "rmse": [0.0518139662518445]
        }
      }
    },
    "t0: 0.8": {
      "true_eta": [0.598635278948514],
      "size: 20": {
        "parametric": {
          "bias": [0.0270017970534377],
          "rmse": [0.0954363972674375]
        },
        "kernel_hscv": {
          "bias": [-0.00996365853428782],
          "rmse": [0.101210401977728]
        },
        "kernel_opt": {
          "bias": [-0.0106683633091366],
          "rmse": [0.10124620291461]
        },
        "kernel_iqr": {
          "bias": [0.0196558900495343],
          "rmse": [0.104859266186737]
        }
      },
      "size: 50": {
        "parametric": {
          "bias": [0.0134546667862167],
          "rmse": [0.0570324348988615]
        },
        "kernel_hscv": {
          "bias": [-0.0161244484231557],
          "rmse": [0.0652546761760604]
        },
        "kernel_opt": {
          "bias": [-0.0163454870243077],
          "rmse": [0.0655309614907817]
        },
        "kernel_iqr": {
          "bias": [0.00276395597763868],
          "rmse": [0.0669148014349016]
        }
      },
      "size: 100": {
        "parametric": {
          "bias": [0.00710521794482011],
          "rmse": [0.0382632356613296]
        },
        "kernel_hscv": {
          "bias": [-0.0175497044208953],
          "rmse": [0.0463437487891572]
        },
        "kernel_opt": {
          "bias": [-0.0176953491006101],
          "rmse": [0.0459383706654888]
        },
        "kernel_iqr": {
          "bias": [-0.00441365604116561],
          "rmse": [0.0451738251610444]
        }
      }
    },
    "t0: 1": {
      "true_eta": [0.605604355267068],
      "size: 20": {
        "parametric": {
          "bias": [0.0291247567713383],
          "rmse": [0.0915761706441257]
        },
        "kernel_hscv": {
          "bias": [-0.0061140806861032],
          "rmse": [0.0929304195075575]
        },
        "kernel_opt": {
          "bias": [-0.00689365542733145],
          "rmse": [0.0930056672292515]
        },
        "kernel_iqr": {
          "bias": [0.0201774152247669],
          "rmse": [0.0984566672590989]
        }
      },
      "size: 50": {
        "parametric": {
          "bias": [0.0139012930782778],
          "rmse": [0.055290497986426]
        },
        "kernel_hscv": {
          "bias": [-0.0131766890540227],
          "rmse": [0.0610446315528405]
        },
        "kernel_opt": {
          "bias": [-0.0144909533926476],
          "rmse": [0.0607957785951927]
        },
        "kernel_iqr": {
          "bias": [0.00287244448210988],
          "rmse": [0.0632260336960484]
        }
      },
      "size: 100": {
        "parametric": {
          "bias": [0.00682302455532524],
          "rmse": [0.0378416132845333]
        },
        "kernel_hscv": {
          "bias": [-0.0165126070319518],
          "rmse": [0.0451455454421482]
        },
        "kernel_opt": {
          "bias": [-0.0170069071818981],
          "rmse": [0.0441788602291619]
        },
        "kernel_iqr": {
          "bias": [-0.00504472421890245],
          "rmse": [0.0436968802937516]
        }
      }
    }
  },
  "AUC: 0.75": {
    "missing_param": [2.0703125],
    "t0: 0.2": {
      "true_eta": [0.737980136850995],
      "size: 20": {
        "parametric": {
          "bias": [0.01932047679077],
          "rmse": [0.0754792087894717]
        },
        "kernel_hscv": {
          "bias": [-0.0180688884922083],
          "rmse": [0.0872423746868109]
        },
        "kernel_opt": {
          "bias": [-0.0156274277134703],
          "rmse": [0.0860912376482089]
        },
        "kernel_iqr": {
          "bias": [0.00751679200922351],
          "rmse": [0.0811086905307197]
        }
      },
      "size: 50": {
        "parametric": {
          "bias": [0.0103430165411484],
          "rmse": [0.0532474396234449]
        },
        "kernel_hscv": {
          "bias": [-0.0160753805024988],
          "rmse": [0.0646411801152934]
        },
        "kernel_opt": {
          "bias": [-0.0156001121033479],
          "rmse": [0.0643165158081312]
        },
        "kernel_iqr": {
          "bias": [0.00209668828939891],
          "rmse": [0.06185087246488]
        }
      },
      "size: 100": {
        "parametric": {
          "bias": [0.00450812622759988],
          "rmse": [0.0367789026074511]
        },
        "kernel_hscv": {
          "bias": [-0.0175168004861944],
          "rmse": [0.0483569832711017]
        },
        "kernel_opt": {
          "bias": [-0.0165475982238433],
          "rmse": [0.0480491077329206]
        },
        "kernel_iqr": {
          "bias": [-0.00337994373474848],
          "rmse": [0.0461945127143466]
        }
      }
    },
    "t0: 0.4": {
      "true_eta": [0.738740668367798],
      "size: 20": {
        "parametric": {
          "bias": [0.0232981131422525],
          "rmse": [0.0768124915497936]
        },