{
  "header": ["Simulation results for  lognormal_4_box_cox_parametric"],
  "AUC: 0.6": {
    "missing_param": [1.982421875],
    "t0: 0.2": {
      "true_eta": [0.852984186880726],
      "size: 20": {
        "parametric": {
          "bias": [-0.0151762827743378],
          "rmse": [0.0527667827047789]
        },
        "kernel_hscv": {
          "bias": [-0.221563109521103],
          "rmse": [0.299715838004873]
        },
        "kernel_opt": {
          "bias": [-0.214444294890527],
          "rmse": [0.282189169609272]
        },
        "kernel_iqr": {
          "bias": [-0.203125722697883],
          "rmse": [0.275266396057026]
        }
      },
      "size: 50": {
        "parametric": {
          "bias": [-0.00655924834790078],
          "rmse": [0.025132104988542]
        },
        "kernel_hscv": {
          "bias": [-0.289747241566308],
          "rmse": [0.362203898792009]
        },
        "kernel_opt": {
          "bias": [-0.263769661842566],
          "rmse": [0.338350949525893]
        },
        "kernel_iqr": {
          "bias": [-0.229736899095774],
          "rmse": [0.2829123888597]
        }
      },
      "size: 100": {
        "parametric": {
          "bias": [-0.00338624782478669],
          "rmse": [0.0150144796492414]
        },
        "kernel_hscv": {
          "bias": [-0.316977197235153],
          "rmse": [0.380709005574365]
        },
        "kernel_opt": {
          "bias": [-0.295038496504539],
          "rmse": [0.36456248531116]
        },
        "kernel_iqr": {
          "bias": [-0.24250203927254],
          "rmse": [0.282041120174521]
        }
      }
    },
    "t0: 0.4": {
      "true_eta": [0.852988161971782],
      "size: 20": {
        "parametric": {
          "bias": [-0.0184198894882228],
          "rmse": [0.0584610015625386]
        },
        "kernel_hscv": {
          "bias": [-0.206373205599503],
          "rmse": [0.270018268768697]
        },
        "kernel_opt": {
          "bias": [-0.199708684675856],
          "rmse": [0.255616606166787]
        },
        "kernel_iqr": {
          "bias": [-0.193451906240778],
          "rmse": [0.258107209266153]
        }
      },
      "size: 50": {
        "parametric": {
          "bias": [-0.00480998388942033],
          "rmse": [0.0220220589314687]
        },
        "kernel_hscv": {
          "bias": [-0.278210229639329],
          "rmse": [0.339640895742823]
        },
        "kernel_opt": {
          "bias": [-0.241012946861019],
          "rmse": [0.296895500487427]
        },
        "kernel_iqr": {
          "bias": [-0.226992266207137],
          "rmse": [0.277373814451005]
        }
      },
      "size: 100": {
        "parametric": {
          "bias": [-0.00258314441105678],
          "rmse": [0.0141313934975675]
        },
        "kernel_hscv": {
          "bias": [-0.303977591546914],
          "rmse": [0.350970051407777]
        },
        "kernel_opt": {
          "bias": [-0.271161831990196],
          "rmse": [0.327214777902333]
        },
        "kernel_iqr": {
          "bias": [-0.236714514954077],
          "rmse": [0.272439997477617]
        }
      }
    },
    "t0: 0.8": {
      "true_eta": [0.853001466384267],
      "size: 20": {
        "parametric": {
          "bias": [-0.0151766365121555],
          "rmse": [0.0544009582226868]
        },
        "kernel_hscv": {
          "bias": [-0.181955713047399],
          "rmse": [0.224869401188719]
        },
        "kernel_opt": {
          "bias": [-0.182463841742959],
          "rmse": [0.222308332692247]
        },
        "kernel_iqr": {
          "bias": [-0.173413300649355],
          "rmse": [0.216800201998419]
        }
      },
      "size: 50": {
        "parametric": {
          "bias": [-0.00538024915391588],
          "rmse": [0.0232414352127]
        },
        "kernel_hscv": {
          "bias": [-0.239359532594332],
          "rmse": [0.282160123973314]
        },
        "kernel_opt": {
          "bias": [-0.224549768761073],
          "rmse": [0.266420764448124]
        },
        "kernel_iqr": {
          "bias": [-0.201594145005167],
          "rmse": [0.239555927879467]
        }
      },
      "size: 100": {
        "parametric": {
          "bias": [-0.00251244983311028],
          "rmse": [0.0128240357574529]
        },
        "kernel_hscv": {
          "bias": [-0.267570398294958],
          "rmse": [0.302652812452604]
        },
        "kernel_opt": {
          "bias": [-0.248684467269858],
          "rmse": [0.287370433603161]
        },
        "kernel_iqr": {
          "bias": [-0.217593636880708],
          "rmse": [0.246025323677607]
        }
      }
    },
    "t0: 1": {
      "true_eta": [0.853010668631822],
      "size: 20": {
        "parametric": {
          "bias": [-0.0182492039925936],
          "rmse": [0.0551652493078105]
        },
        "kernel_hscv": {
          "bias": [-0.177187778438189],
          "rmse": [0.21473664954085]
        },
        "kernel_opt": {
          "bias": [-0.174379353954159],
          "rmse": [0.209960554102518]
        },
        "kernel_iqr": {
          "bias": [-0.168933816393732],
          "rmse": [0.207592179136101]
        }
      },
      "size: 50": {
        "parametric": {
          "bias": [-0.00482265704197171],
          "rmse": [0.0235406213764995]
        },
        "kernel_hscv": {
          "bias": [-0.22567140799237],
          "rmse": [0.262320299525188]
        },
        "kernel_opt": {
          "bias": [-0.206559057060191],
          "rmse": [0.24178724667856]
        },
        "kernel_iqr": {
          "bias": [-0.196739260974164],
          "rmse": [0.230275273023203]
        }
      },
      "size: 100": {
        "parametric": {
          "bias": [-0.00265298322467966],
          "rmse": [0.0134082543784472]
        },
        "kernel_hscv": {
          "bias": [-0.247322721407832],
          "rmse": [0.279389970516904]
        },
        "kernel_opt": {
          "bias": [-0.237328509132028],
          "rmse": [0.270948167161665]
        },
        "kernel_iqr": {
          "bias": [-0.207959553919395],
          "rmse": [0.236972244635728]
        }
      }
    }
  },
  "AUC: 0.75": {
    "missing_param": [3.046875],
    "t0: 0.2": {
      "true_eta": [0.874602733531302],
      "size: 20": {
        "parametric": {
          "bias": [-0.0110647990992119],
          "rmse": [0.0336117463726331]
        },
        "kernel_hscv": {
          "bias": [-0.433550574205292],
          "rmse": [0.500756760402951]
        },
        "kernel_opt": {
          "bias": [-0.412888908325722],
          "rmse": [0.478224108853232]
        },
        "kernel_iqr": {
          "bias": [-0.413814876434989],
          "rmse": [0.489195903266254]
        }
      },
      "size: 50": {
        "parametric": {
          "bias": [-0.00269211856606821],
          "rmse": [0.0107705078169597]
        },
        "kernel_hscv": {
          "bias": [-0.526743499665569],
          "rmse": [0.57985779791358]
        },
        "kernel_opt": {
          "bias": [-0.494857134225264],
          "rmse": [0.548896129169375]
        },
        "kernel_iqr": {
          "bias": [-0.464895932236199],
          "rmse": [0.528044093805317]
        }
      },
      "size: 100": {
        "parametric": {
          "bias": [-0.0011657856611913],
          "rmse": [0.00660371165101053]
        },
        "kernel_hscv": {
          "bias": [-0.439467797470134],
          "rmse": [0.51316233782192]
        },
        "kernel_opt": {
          "bias": [-0.521201409083638],
          "rmse": [0.567404470373349]
        },
        "kernel_iqr": {
          "bias": [-0.365324495398656],
          "rmse": [0.440087881897329]
        }
      }
    },
    "t0: 0.4": {
      "true_eta": [0.874604312728579],
      "size: 20": {
        "parametric": {
          "bias": [-0.0106861841101684],
          "rmse": [0.0311264509124141]
        },
        "kernel_hscv": {
          "bias": [-0.385693206412649],