{
  "header": ["Simulation results for  lognormal_3_box_cox_inside_eta_box_cox_before_eta"],
  "AUC: 0.6": {
    "missing_param": [1.30859375],
    "t0: 0.2": {
      "true_eta": [0.672205410421207],
      "size: 20": {
        "parametric": {
          "bias": [0.0621695432781402],
          "rmse": [0.0621695432781402]
        },
        "kernel_hscv": {
          "bias": [0.064906927139603],
          "rmse": [0.064906927139603]
        },
        "kernel_opt": {
          "bias": [0.0540693091983241],
          "rmse": [0.0540693091983241]
        },
        "kernel_iqr": {
          "bias": [0.0775588970931764],
          "rmse": [0.0775588970931764]
        }
      },
      "size: 50": {
        "parametric": {
          "bias": [0.0458170773748564],
          "rmse": [0.0458170773748564]
        },
        "kernel_hscv": {
          "bias": [0.0187250198432164],
          "rmse": [0.0187250198432164]
        },
        "kernel_opt": {
          "bias": [0.0126093374190188],
          "rmse": [0.0126093374190188]
        },
        "kernel_iqr": {
          "bias": [0.0179275828652576],
          "rmse": [0.0179275828652576]
        }
      },
      "size: 100": {
        "parametric": {
          "bias": [0.0294608548982443],
          "rmse": [0.0294608548982443]
        },
        "kernel_hscv": {
          "bias": [-0.00735210931451313],
          "rmse": [0.00735210931451313]
        },
        "kernel_opt": {
          "bias": [-0.00707932222829066],
          "rmse": [0.00707932222829066]
        },
        "kernel_iqr": {
          "bias": [-0.00353413129147118],
          "rmse": [0.00353413129147118]
        }
      }
    },
    "t0: 0.4": {
      "true_eta": [0.674684047789286],
      "size: 20": {
        "parametric": {
          "bias": [0.0622676161879373],
          "rmse": [0.0622676161879373]
        },
        "kernel_hscv": {
          "bias": [0.0303975226122085],
          "rmse": [0.0303975226122085]
        },
        "kernel_opt": {
          "bias": [0.0327413625920164],
          "rmse": [0.0327413625920164]
        },
        "kernel_iqr": {
          "bias": [0.0349567060591235],
          "rmse": [0.0349567060591235]
        }
      },
      "size: 50": {
        "parametric": {
          "bias": [0.0423323706409103],
          "rmse": [0.0423323706409103]
        },
        "kernel_hscv": {
          "bias": [-0.00269214917412175],
          "rmse": [0.00269214917412175]
        },
        "kernel_opt": {
          "bias": [-0.00111879557134575],
          "rmse": [0.00111879557134575]
        },
        "kernel_iqr": {
          "bias": [-0.00370799014610657],
          "rmse": [0.00370799014610657]
        }
      },
      "size: 100": {
        "parametric": {
          "bias": [0.00654022512757491],
          "rmse": [0.00654022512757491]
        },
        "kernel_hscv": {
          "bias": [-0.020497941585498],
          "rmse": [0.020497941585498]
        },
        "kernel_opt": {
          "bias": [-0.0184521422735957],
          "rmse": [0.0184521422735957]
        },
        "kernel_iqr": {
          "bias": [-0.0141604389147759],
          "rmse": [0.0141604389147759]
        }
      }
    },
    "t0: 0.8": {
      "true_eta": [0.679794209150724],
      "size: 20": {
        "parametric": {
          "bias": [0.00835762386778871],
          "rmse": [0.00835762386778871]
        },
        "kernel_hscv": {
          "bias": [0.0527654067465394],
          "rmse": [0.0527654067465394]
        },
        "kernel_opt": {
          "bias": [0.0255497805808149],
          "rmse": [0.0255497805808149]
        },
        "kernel_iqr": {
          "bias": [0.0642612704505442],
          "rmse": [0.0642612704505442]
        }
      },
      "size: 50": {
        "parametric": {
          "bias": [0.0111682833907844],
          "rmse": [0.0111682833907844]
        },
        "kernel_hscv": {
          "bias": [-0.00812823133004992],
          "rmse": [0.00812823133004992]
        },
        "kernel_opt": {
          "bias": [-0.0126513161510359],
          "rmse": [0.0126513161510359]
        },
        "kernel_iqr": {
          "bias": [-0.00902694539524307],
          "rmse": [0.00902694539524307]
        }
      },
      "size: 100": {
        "parametric": {
          "bias": [-0.00488792655553694],
          "rmse": [0.00488792655553694]
        },
        "kernel_hscv": {
          "bias": [-0.00969000220823502],
          "rmse": [0.00969000220823502]
        },
        "kernel_opt": {
          "bias": [-0.00821840188098222],
          "rmse": [0.00821840188098222]
        },
        "kernel_iqr": {
          "bias": [-0.0015139066982649],
          "rmse": [0.0015139066982649]
        }
      }
    },
    "t0: 1": {
      "true_eta": [0.68220131853853],
      "size: 20": {
        "parametric": {
          "bias": [0.0387308706309463],
          "rmse": [0.0387308706309463]
        },
        "kernel_hscv": {
          "bias": [0.0217596265207132],
          "rmse": [0.0217596265207132]
        },
        "kernel_opt": {
          "bias": [0.0228876256401698],
          "rmse": [0.0228876256401698]
        },
        "kernel_iqr": {
          "bias": [0.0283662663926474],
          "rmse": [0.0283662663926474]
        }
      },
      "size: 50": {
        "parametric": {
          "bias": [0.0425468469096014],
          "rmse": [0.0425468469096014]
        },
        "kernel_hscv": {
          "bias": [0.0133024581033513],
          "rmse": [0.0133024581033513]
        },
        "kernel_opt": {
          "bias": [0.0158858708642587],
          "rmse": [0.0158858708642587]
        },
        "kernel_iqr": {
          "bias": [0.019431215958475],
          "rmse": [0.019431215958475]
        }
      },
      "size: 100": {
        "parametric": {
          "bias": [-0.0144660334727528],
          "rmse": [0.0144660334727528]
        },
        "kernel_hscv": {
          "bias": [-0.0219494406706583],
          "rmse": [0.0219494406706583]
        },
        "kernel_opt": {
          "bias": [-0.0242825786729159],
          "rmse": [0.0242825786729159]
        },
        "kernel_iqr": {
          "bias": [-0.0179031579045535],
          "rmse": [0.0179031579045535]
        }
      }
    }
  },
  "AUC: 0.75": {
    "missing_param": [1.982421875],
    "t0: 0.2": {
      "true_eta": [0.764563382128243],
      "size: 20": {
        "parametric": {
          "bias": [-0.000771473075401263],
          "rmse": [0.000771473075401263]
        },
        "kernel_hscv": {
          "bias": [-0.01037075968844],
          "rmse": [0.01037075968844]
        },
        "kernel_opt": {
          "bias": [-0.0153349088695883],
          "rmse": [0.0153349088695883]
        },
        "kernel_iqr": {
          "bias": [-0.001921587071956],
          "rmse": [0.001921587071956]
        }
      },
      "size: 50": {
        "parametric": {
          "bias": [-0.0302401621143621],
          "rmse": [0.0302401621143621]
        },
        "kernel_hscv": {
          "bias": [-0.0218455126476818],
          "rmse": [0.0218455126476818]
        },
        "kernel_opt": {
          "bias": [-0.0287882561403479],
          "rmse": [0.0287882561403479]
        },
        "kernel_iqr": {
          "bias": [-0.00413754627880769],
          "rmse": [0.00413754627880769]
        }
      },
      "size: 100": {
        "parametric": {
          "bias": [0.00049644997431364],
          "rmse": [0.00049644997431364]
        },
        "kernel_hscv": {
          "bias": [-0.00166521155396671],
          "rmse": [0.00166521155396671]
        },
        "kernel_opt": {
          "bias": [0.00019943734428407],
          "rmse": [0.00019943734428407]
        },
        "kernel_iqr": {
          "bias": [0.00912127711129262],
          "rmse": [0.00912127711129262]
        }
      }
    },
    "t0: 0.4": {
      "true_eta": [0.764991929292454],
      "size: 20": {
        "parametric": {
          "bias": [-0.000758432976953882],