{
  "header": ["Simulation results for  lognormal_4_box_cox_inside_eta_box_cox_before_eta"],
  "AUC: 0.6": {
    "missing_param": [1.982421875],
    "t0: 0.2": {
      "true_eta": [0.852984186880726],
      "size: 20": {
        "parametric": {
          "bias": [-0.023891444856873],
          "rmse": [0.023891444856873]
        },
        "kernel_hscv": {
          "bias": [-0.054427833442638],
          "rmse": [0.054427833442638]
        },
        "kernel_opt": {
          "bias": [-0.0689501198444842],
          "rmse": [0.0689501198444842]
        },
        "kernel_iqr": {
          "bias": [-0.052671863618122],
          "rmse": [0.052671863618122]
        }
      },
      "size: 50": {
        "parametric": {
          "bias": [-0.00428642937084567],
          "rmse": [0.00428642937084567]
        },
        "kernel_hscv": {
          "bias": [-0.0444260330988828],
          "rmse": [0.0444260330988828]
        },
        "kernel_opt": {
          "bias": [-0.0435818357641413],
          "rmse": [0.0435818357641413]
        },
        "kernel_iqr": {
          "bias": [-0.0456659036702574],
          "rmse": [0.0456659036702574]
        }
      },
      "size: 100": {
        "parametric": {
          "bias": [-0.0386897046863565],
          "rmse": [0.0386897046863565]
        },
        "kernel_hscv": {
          "bias": [-0.0622911132919922],
          "rmse": [0.0622911132919922]
        },
        "kernel_opt": {
          "bias": [-0.0639338562534405],
          "rmse": [0.0639338562534405]
        },
        "kernel_iqr": {
          "bias": [-0.0616507914104808],
          "rmse": [0.0616507914104808]
        }
      }
    },
    "t0: 0.4": {
      "true_eta": [0.852988161971782],
      "size: 20": {
        "parametric": {
          "bias": [-0.100766824131857],
          "rmse": [0.100766824131857]
        },
        "kernel_hscv": {
          "bias": [-0.124694407381692],
          "rmse": [0.124694407381692]
        },
        "kernel_opt": {
          "bias": [-0.0749277753410843],
          "rmse": [0.0749277753410843]
        },
        "kernel_iqr": {
          "bias": [-0.0509230921560633],
          "rmse": [0.0509230921560633]
        }
      },
      "size: 50": {
        "parametric": {
          "bias": [0.00141817023837632],
          "rmse": [0.00141817023837632]
        },
        "kernel_hscv": {
          "bias": [-0.0576807608033452],
          "rmse": [0.0576807608033452]
        },
        "kernel_opt": {
          "bias": [-0.0569484927580358],
          "rmse": [0.0569484927580358]
        },
        "kernel_iqr": {
          "bias": [-0.0626051538695188],
          "rmse": [0.0626051538695188]
        }
      },
      "size: 100": {
        "parametric": {
          "bias": [-0.0306816656242983],
          "rmse": [0.0306816656242983]
        },
        "kernel_hscv": {
          "bias": [-0.0630149236643903],
          "rmse": [0.0630149236643903]
        },
        "kernel_opt": {
          "bias": [-0.0678151176009655],
          "rmse": [0.0678151176009655]
        },
        "kernel_iqr": {
          "bias": [-0.0640094426832596],
          "rmse": [0.0640094426832596]
        }
      }
    },
    "t0: 0.8": {
      "true_eta": [0.853001466384267],
      "size: 20": {
        "parametric": {
          "bias": [-0.00435344473041888],
          "rmse": [0.00435344473041888]
        },
        "kernel_hscv": {
          "bias": [-0.0222884770451248],
          "rmse": [0.0222884770451248]
        },
        "kernel_opt": {
          "bias": [-0.0230316750430145],
          "rmse": [0.0230316750430145]
        },
        "kernel_iqr": {
          "bias": [-0.0251143635620985],
          "rmse": [0.0251143635620985]
        }
      },
      "size: 50": {
        "parametric": {
          "bias": [0.0125523189254912],
          "rmse": [0.0125523189254912]
        },
        "kernel_hscv": {
          "bias": [-0.0321089278724629],
          "rmse": [0.0321089278724629]
        },
        "kernel_opt": {
          "bias": [-0.0325398633384193],
          "rmse": [0.0325398633384193]
        },
        "kernel_iqr": {
          "bias": [-0.0342522488242107],
          "rmse": [0.0342522488242107]
        }
      },
      "size: 100": {
        "parametric": {
          "bias": [-0.069867862997912],
          "rmse": [0.069867862997912]
        },
        "kernel_hscv": {
          "bias": [-0.108697099691035],
          "rmse": [0.108697099691035]
        },
        "kernel_opt": {
          "bias": [-0.0989800936865863],
          "rmse": [0.0989800936865863]
        },
        "kernel_iqr": {
          "bias": [-0.0999428049701956],
          "rmse": [0.0999428049701956]
        }
      }
    },
    "t0: 1": {
      "true_eta": [0.853010668631822],
      "size: 20": {
        "parametric": {
          "bias": [-0.192269583936803],
          "rmse": [0.192269583936803]
        },
        "kernel_hscv": {
          "bias": [-0.131533962750863],
          "rmse": [0.131533962750863]
        },
        "kernel_opt": {
          "bias": [-0.157074467279602],
          "rmse": [0.157074467279602]
        },
        "kernel_iqr": {
          "bias": [-0.0923029291314316],
          "rmse": [0.0923029291314316]
        }
      },
      "size: 50": {
        "parametric": {
          "bias": [-5.47383469684526e-06],
          "rmse": [5.47383469684526e-06]
        },
        "kernel_hscv": {
          "bias": [-0.0409685879716989],
          "rmse": [0.0409685879716989]
        },
        "kernel_opt": {
          "bias": [-0.0401909176851409],
          "rmse": [0.0401909176851409]
        },
        "kernel_iqr": {
          "bias": [-0.0411856325209682],
          "rmse": [0.0411856325209682]
        }
      },
      "size: 100": {
        "parametric": {
          "bias": [-0.00464574090755021],
          "rmse": [0.00464574090755021]
        },
        "kernel_hscv": {
          "bias": [-0.0574378272093086],
          "rmse": [0.0574378272093086]
        },
        "kernel_opt": {
          "bias": [-0.0589379354947488],
          "rmse": [0.0589379354947488]
        },
        "kernel_iqr": {
          "bias": [-0.0623761552994216],
          "rmse": [0.0623761552994216]
        }
      }
    }
  },
  "AUC: 0.75": {
    "missing_param": [3.06640625],
    "t0: 0.2": {
      "true_eta": [0.874870568315876],
      "size: 20": {
        "parametric": {
          "bias": [-0.0244062701262689],
          "rmse": [0.0244062701262689]
        },
        "kernel_hscv": {
          "bias": [-0.0561679300643788],
          "rmse": [0.0561679300643788]
        },
        "kernel_opt": {
          "bias": [-0.0607963258260292],
          "rmse": [0.0607963258260292]
        },
        "kernel_iqr": {
          "bias": [-0.0488032271665994],
          "rmse": [0.0488032271665994]
        }
      },
      "size: 50": {
        "parametric": {
          "bias": [-0.024685708984596],
          "rmse": [0.024685708984596]
        },
        "kernel_hscv": {
          "bias": [-0.0694170086239271],
          "rmse": [0.0694170086239271]
        },
        "kernel_opt": {
          "bias": [-0.0708460832449918],
          "rmse": [0.0708460832449918]
        },
        "kernel_iqr": {
          "bias": [-0.0703175536801505],
          "rmse": [0.0703175536801505]
        }
      },
      "size: 100": {
        "parametric": {
          "bias": [-0.00119152404888989],
          "rmse": [0.00119152404888989]
        },
        "kernel_hscv": {
          "bias": [-0.0494075758990487],
          "rmse": [0.0494075758990487]
        },
        "kernel_opt": {
          "bias": [-0.0492329693446178],
          "rmse": [0.0492329693446178]
        },
        "kernel_iqr": {
          "bias": [-0.0533895517172609],
          "rmse": [0.0533895517172609]
        }
      }
    },
    "t0: 0.4": {
      "true_eta": [0.874872127758209],
      "size: 20": {
        "parametric": {
          "bias": [-0.0478023922382449],