{
  "header": ["Simulation results for  lognormal_2_box_cox_inside_eta"],
  "AUC: 0.6": {
    "missing_param": [1.806640625],
    "t0: 0.2": {
      "true_eta": [0.824111221372774],
      "size: 20": {
        "parametric": {
          "bias": [0.00378610751380704],
          "rmse": [0.00378610751380704]
        },
        "kernel_hscv": {
          "bias": [-0.0425583928142788],
          "rmse": [0.0425583928142788]
        },
        "kernel_opt": {
          "bias": [-0.0656488099203278],
          "rmse": [0.0656488099203278]
        },
        "kernel_iqr": {
          "bias": [-0.0329340155512207],
          "rmse": [0.0329340155512207]
        }
      },
      "size: 50": {
        "parametric": {
          "bias": [0.00186577458261905],
          "rmse": [0.00186577458261905]
        },
        "kernel_hscv": {
          "bias": [-0.0225816603931838],
          "rmse": [0.0225816603931838]
        },
        "kernel_opt": {
          "bias": [-0.0245911477508901],
          "rmse": [0.0245911477508901]
        },
        "kernel_iqr": {
          "bias": [-0.0219876220580951],
          "rmse": [0.0219876220580951]
        }
      },
      "size: 100": {
        "parametric": {
          "bias": [-0.0598917241010483],
          "rmse": [0.0598917241010483]
        },
        "kernel_hscv": {
          "bias": [-0.0579342080675942],
          "rmse": [0.0579342080675942]
        },
        "kernel_opt": {
          "bias": [-0.0610809428642728],
          "rmse": [0.0610809428642728]
        },
        "kernel_iqr": {
          "bias": [-0.0569389652755767],
          "rmse": [0.0569389652755767]
        }
      }
    },
    "t0: 0.4": {
      "true_eta": [0.824123450629811],
      "size: 20": {
        "parametric": {
          "bias": [-0.0359301165705495],
          "rmse": [0.0359301165705495]
        },
        "kernel_hscv": {
          "bias": [-0.0767874167223036],
          "rmse": [0.0767874167223036]
        },
        "kernel_opt": {
          "bias": [-0.0431286268117107],
          "rmse": [0.0431286268117107]
        },
        "kernel_iqr": {
          "bias": [-0.0293022198569064],
          "rmse": [0.0293022198569064]
        }
      },
      "size: 50": {
        "parametric": {
          "bias": [0.0214592724910513],
          "rmse": [0.0214592724910513]
        },
        "kernel_hscv": {
          "bias": [-0.0408471292591553],
          "rmse": [0.0408471292591553]
        },
        "kernel_opt": {
          "bias": [-0.0431315068706432],
          "rmse": [0.0431315068706432]
        },
        "kernel_iqr": {
          "bias": [-0.0443032321375472],
          "rmse": [0.0443032321375472]
        }
      },
      "size: 100": {
        "parametric": {
          "bias": [-0.0564985453579722],
          "rmse": [0.0564985453579722]
        },
        "kernel_hscv": {
          "bias": [-0.0580653106669625],
          "rmse": [0.0580653106669625]
        },
        "kernel_opt": {
          "bias": [-0.0690545565816942],
          "rmse": [0.0690545565816942]
        },
        "kernel_iqr": {
          "bias": [-0.0522311719919979],
          "rmse": [0.0522311719919979]
        }
      }
    },
    "t0: 0.8": {
      "true_eta": [0.824183140118401],
      "size: 20": {
        "parametric": {
          "bias": [0.0307941429723743],
          "rmse": [0.0307941429723743]
        },
        "kernel_hscv": {
          "bias": [0.000118036225480678],
          "rmse": [0.000118036225480678]
        },
        "kernel_opt": {
          "bias": [0.00308565840422137],
          "rmse": [0.00308565840422137]
        },
        "kernel_iqr": {
          "bias": [0.0044125081685874],
          "rmse": [0.0044125081685874]
        }
      },
      "size: 50": {
        "parametric": {
          "bias": [0.0362747408524987],
          "rmse": [0.0362747408524987]
        },
        "kernel_hscv": {
          "bias": [-0.00172859438674899],
          "rmse": [0.00172859438674899]
        },
        "kernel_opt": {
          "bias": [-0.00482755968590742],
          "rmse": [0.00482755968590742]
        },
        "kernel_iqr": {
          "bias": [-0.00323280296839967],
          "rmse": [0.00323280296839967]
        }
      },
      "size: 100": {
        "parametric": {
          "bias": [-0.132427299919878],
          "rmse": [0.132427299919878]
        },
        "kernel_hscv": {
          "bias": [-0.130840093531027],
          "rmse": [0.130840093531027]
        },
        "kernel_opt": {
          "bias": [-0.111485740581825],
          "rmse": [0.111485740581825]
        },
        "kernel_iqr": {
          "bias": [-0.107409232890771],
          "rmse": [0.107409232890771]
        }
      }
    },
    "t0: 1": {
      "true_eta": [0.824220190669917],
      "size: 20": {
        "parametric": {
          "bias": [-0.168869068695099],
          "rmse": [0.168869068695099]
        },
        "kernel_hscv": {
          "bias": [-0.184968385392136],
          "rmse": [0.184968385392136]
        },
        "kernel_opt": {
          "bias": [-0.166827727263557],
          "rmse": [0.166827727263557]
        },
        "kernel_iqr": {
          "bias": [-0.0895082340839073],
          "rmse": [0.0895082340839073]
        }
      },
      "size: 50": {
        "parametric": {
          "bias": [0.0214403996696805],
          "rmse": [0.0214403996696805]
        },
        "kernel_hscv": {
          "bias": [-0.0260482360359244],
          "rmse": [0.0260482360359244]
        },
        "kernel_opt": {
          "bias": [-0.0229373394858841],
          "rmse": [0.0229373394858841]
        },
        "kernel_iqr": {
          "bias": [-0.0178973655705074],
          "rmse": [0.0178973655705074]
        }
      },
      "size: 100": {
        "parametric": {
          "bias": [0.00283377472632351],
          "rmse": [0.00283377472632351]
        },
        "kernel_hscv": {
          "bias": [-0.0453818763321301],
          "rmse": [0.0453818763321301]
        },
        "kernel_opt": {
          "bias": [-0.0454997790095515],
          "rmse": [0.0454997790095515]
        },
        "kernel_iqr": {
          "bias": [-0.0447473022467209],
          "rmse": [0.0447473022467209]
        }
      }
    }
  },
  "AUC: 0.75": {
    "missing_param": [2.71484375],
    "t0: 0.2": {
      "true_eta": [0.865099660210015],
      "size: 20": {
        "parametric": {
          "bias": [-0.0190372708975927],
          "rmse": [0.0190372708975927]
        },
        "kernel_hscv": {
          "bias": [-0.0577105384154415],
          "rmse": [0.0577105384154415]
        },
        "kernel_opt": {
          "bias": [-0.0636305930459509],
          "rmse": [0.0636305930459509]
        },
        "kernel_iqr": {
          "bias": [-0.0439501587010896],
          "rmse": [0.0439501587010896]
        }
      },
      "size: 50": {
        "parametric": {
          "bias": [-0.031781930093829],
          "rmse": [0.031781930093829]
        },
        "kernel_hscv": {
          "bias": [-0.0770177933490456],
          "rmse": [0.0770177933490456]
        },
        "kernel_opt": {
          "bias": [-0.0836822699400168],
          "rmse": [0.0836822699400168]
        },
        "kernel_iqr": {
          "bias": [-0.0792662125794011],
          "rmse": [0.0792662125794011]
        }
      },
      "size: 100": {
        "parametric": {
          "bias": [0.00378321657037695],
          "rmse": [0.00378321657037695]
        },
        "kernel_hscv": {
          "bias": [-0.0378362486379612],
          "rmse": [0.0378362486379612]
        },
        "kernel_opt": {
          "bias": [-0.0382747508627809],
          "rmse": [0.0382747508627809]
        },
        "kernel_iqr": {
          "bias": [-0.0403901769308193],
          "rmse": [0.0403901769308193]
        }
      }
    },
    "t0: 0.4": {
      "true_eta": [0.86510280839445],
      "size: 20": {
        "parametric": {
          "bias": [-0.004187886429868],