{
  "header": ["Simulation results for  lognormal_4_box_cox_parametric_and_kernel"],
  "AUC: 0.6": {
    "missing_param": [1.982421875],
    "t0: 0.2": {
      "true_eta": [0.852984186880726],
      "size: 20": {
        "parametric": {
          "bias": [-0.0151762827743378],
          "rmse": [0.0527667827047789]
        },
        "kernel_hscv": {
          "bias": [-0.0667614151702084],
          "rmse": [0.0873716596718341]
        },
        "kernel_opt": {
          "bias": [-0.0651470576895566],
          "rmse": [0.0841537014896465]
        },
        "kernel_iqr": {
          "bias": [-0.0600972836866637],
          "rmse": [0.0727754290315951]
        }
      },
      "size: 50": {
        "parametric": {
          "bias": [-0.00655924834790078],
          "rmse": [0.025132104988542]
        },
        "kernel_hscv": {
          "bias": [-0.0587927118884305],
          "rmse": [0.06486881897874]
        },
        "kernel_opt": {
          "bias": [-0.0581800414306037],
          "rmse": [0.0643834579671982]
        },
        "kernel_iqr": {
          "bias": [-0.0576966105921743],
          "rmse": [0.0624934678192418]
        }
      },
      "size: 100": {
        "parametric": {
          "bias": [-0.00338624782478669],
          "rmse": [0.0150144796492414]
        },
        "kernel_hscv": {
          "bias": [-0.0589236119920116],
          "rmse": [0.0618300665412052]
        },
        "kernel_opt": {
          "bias": [-0.0585614720814636],
          "rmse": [0.0615939367839234]
        },
        "kernel_iqr": {
          "bias": [-0.0596471283561688],
          "rmse": [0.0622114078037734]
        }
      }
    },
    "t0: 0.4": {
      "true_eta": [0.852988161971782],
      "size: 20": {
        "parametric": {
          "bias": [-0.0184198894882228],
          "rmse": [0.0584610015625386]
        },
        "kernel_hscv": {
          "bias": [-0.0709238667206448],
          "rmse": [0.0973002975146753]
        },
        "kernel_opt": {
          "bias": [-0.0688111899781478],
          "rmse": [0.0941511593265684]
        },
        "kernel_iqr": {
          "bias": [-0.0627193399608539],
          "rmse": [0.0802298791872432]
        }
      },
      "size: 50": {
        "parametric": {
          "bias": [-0.00480998388942033],
          "rmse": [0.0220220589314687]
        },
        "kernel_hscv": {
          "bias": [-0.0572157955586031],
          "rmse": [0.0617055082083748]
        },
        "kernel_opt": {
          "bias": [-0.0563885285788293],
          "rmse": [0.0609200222371916]
        },
        "kernel_iqr": {
          "bias": [-0.0563069608245361],
          "rmse": [0.0601050184288373]
        }
      },
      "size: 100": {
        "parametric": {
          "bias": [-0.00258314441105678],
          "rmse": [0.0141313934975675]
        },
        "kernel_hscv": {
          "bias": [-0.0575674332126278],
          "rmse": [0.0604092352381655]
        },
        "kernel_opt": {
          "bias": [-0.0571949818180469],
          "rmse": [0.0601030140726375]
        },
        "kernel_iqr": {
          "bias": [-0.0582274501958282],
          "rmse": [0.0607843045190741]
        }
      }
    },
    "t0: 0.8": {
      "true_eta": [0.853001466384267],
      "size: 20": {
        "parametric": {
          "bias": [-0.0151766365121555],
          "rmse": [0.0544009582226868]
        },
        "kernel_hscv": {
          "bias": [-0.0663653382095846],
          "rmse": [0.0892186957837698]
        },
        "kernel_opt": {
          "bias": [-0.0648436567454359],
          "rmse": [0.0866353206840804]
        },
        "kernel_iqr": {
          "bias": [-0.0600094330276043],
          "rmse": [0.0754639763149271]
        }
      },
      "size: 50": {
        "parametric": {
          "bias": [-0.00538024915391588],
          "rmse": [0.0232414352127]
        },
        "kernel_hscv": {
          "bias": [-0.0574543928183349],
          "rmse": [0.0625335181755609]
        },
        "kernel_opt": {
          "bias": [-0.0567221268869559],
          "rmse": [0.0618036691065777]
        },
        "kernel_iqr": {
          "bias": [-0.0565421255926046],
          "rmse": [0.0608645291388306]
        }
      },
      "size: 100": {
        "parametric": {
          "bias": [-0.00251244983311028],
          "rmse": [0.0128240357574529]
        },
        "kernel_hscv": {
          "bias": [-0.0568343030439539],
          "rmse": [0.0591777726559843]
        },
        "kernel_opt": {
          "bias": [-0.0563332329644561],
          "rmse": [0.0586142455416382]
        },
        "kernel_iqr": {
          "bias": [-0.0573675577129694],
          "rmse": [0.0594751740439591]
        }
      }
    },
    "t0: 1": {
      "true_eta": [0.853010668631822],
      "size: 20": {
        "parametric": {
          "bias": [-0.0182492039925936],
          "rmse": [0.0551652493078105]
        },
        "kernel_hscv": {
          "bias": [-0.0672445584475599],
          "rmse": [0.0855080198018617]
        },
        "kernel_opt": {
          "bias": [-0.065817542049103],
          "rmse": [0.0841939815691929]
        },
        "kernel_iqr": {
          "bias": [-0.0604151995681363],
          "rmse": [0.0717316603970393]
        }
      },
      "size: 50": {
        "parametric": {
          "bias": [-0.00482265704197171],
          "rmse": [0.0235406213764995]
        },
        "kernel_hscv": {
          "bias": [-0.057085677721481],
          "rmse": [0.0614784401186829]
        },
        "kernel_opt": {
          "bias": [-0.0565649805601333],
          "rmse": [0.0610473897740273]
        },
        "kernel_iqr": {
          "bias": [-0.0563876562256845],
          "rmse": [0.0601520617969928]
        }
      },
      "size: 100": {
        "parametric": {
          "bias": [-0.00265298322467966],
          "rmse": [0.0134082543784472]
        },
        "kernel_hscv": {
          "bias": [-0.0576942104382245],
          "rmse": [0.0603308235938838]
        },
        "kernel_opt": {
          "bias": [-0.0573127276514659],
          "rmse": [0.0599536230562876]
        },
        "kernel_iqr": {
          "bias": [-0.0584077136424479],
          "rmse": [0.0608193526291475]
        }
      }
    }
  },
  "AUC: 0.75": {
    "missing_param": [3.046875],
    "t0: 0.2": {
      "true_eta": [0.874602733531302],
      "size: 20": {
        "parametric": {
          "bias": [-0.0110647990992119],
          "rmse": [0.0336117463726331]
        },
        "kernel_hscv": {
          "bias": [-0.0579948785417397],
          "rmse": [0.0647573553251325]
        },
        "kernel_opt": {
          "bias": [-0.056517181591922],
          "rmse": [0.0624615004020162]
        },
        "kernel_iqr": {
          "bias": [-0.0559866554786197],
          "rmse": [0.0597737050003947]
        }
      },
      "size: 50": {
        "parametric": {
          "bias": [-0.00269211856606821],
          "rmse": [0.0107705078169597]
        },
        "kernel_hscv": {
          "bias": [-0.0518871007164308],
          "rmse": [0.0531701470447906]
        },
        "kernel_opt": {
          "bias": [-0.0514042522240387],
          "rmse": [0.0526121792642223]
        },
        "kernel_iqr": {
          "bias": [-0.0531941544128406],
          "rmse": [0.0542401349824539]
        }
      },
      "size: 100": {
        "parametric": {
          "bias": [-0.0011657856611913],
          "rmse": [0.00660371165101053]
        },
        "kernel_hscv": {
          "bias": [-0.0517362794122883],
          "rmse": [0.0522864843069038]
        },
        "kernel_opt": {
          "bias": [-0.0513816729080915],
          "rmse": [0.0518895999915019]
        },
        "kernel_iqr": {
          "bias": [-0.0537458620667153],
          "rmse": [0.0542224373024047]
        }
      }
    },
    "t0: 0.4": {
      "true_eta": [0.874604312728579],
      "size: 20": {
        "parametric": {
          "bias": [-0.0106861841101684],