{
  "header": ["Simulation results for  lognormal_1_box_cox_inside_eta_box_cox_before_eta"],
  "AUC: 0.6": {
    "missing_param": [1.4013671875],
    "t0: 0.2": {
      "true_eta": [0.581099522502259],
      "size: 20": {
        "parametric": {
          "bias": [0.0856069934452419],
          "rmse": [0.0856069934452419]
        },
        "kernel_hscv": {
          "bias": [0.0477866628846025],
          "rmse": [0.0477866628846025]
        },
        "kernel_opt": {
          "bias": [0.0386955873177874],
          "rmse": [0.0386955873177874]
        },
        "kernel_iqr": {
          "bias": [0.0580326278315636],
          "rmse": [0.0580326278315636]
        }
      },
      "size: 50": {
        "parametric": {
          "bias": [0.0343569432903654],
          "rmse": [0.0343569432903654]
        },
        "kernel_hscv": {
          "bias": [-0.000601647675809058],
          "rmse": [0.000601647675809058]
        },
        "kernel_opt": {
          "bias": [-0.00122010696571417],
          "rmse": [0.00122010696571417]
        },
        "kernel_iqr": {
          "bias": [0.0441395156627821],
          "rmse": [0.0441395156627821]
        }
      },
      "size: 100": {
        "parametric": {
          "bias": [0.0199980509389132],
          "rmse": [0.0199980509389132]
        },
        "kernel_hscv": {
          "bias": [-0.00558093020318606],
          "rmse": [0.00558093020318606]
        },
        "kernel_opt": {
          "bias": [-0.0116326550999364],
          "rmse": [0.0116326550999364]
        },
        "kernel_iqr": {
          "bias": [0.00455934937256985],
          "rmse": [0.00455934937256985]
        }
      }
    },
    "t0: 0.4": {
      "true_eta": [0.5837328746201],
      "size: 20": {
        "parametric": {
          "bias": [-0.0143088011169905],
          "rmse": [0.0143088011169905]
        },
        "kernel_hscv": {
          "bias": [-0.014991902515705],
          "rmse": [0.014991902515705]
        },
        "kernel_opt": {
          "bias": [-0.0318195276254605],
          "rmse": [0.0318195276254605]
        },
        "kernel_iqr": {
          "bias": [0.00452816071146989],
          "rmse": [0.00452816071146989]
        }
      },
      "size: 50": {
        "parametric": {
          "bias": [0.0434297953463487],
          "rmse": [0.0434297953463487]
        },
        "kernel_hscv": {
          "bias": [0.0958724331768138],
          "rmse": [0.0958724331768138]
        },
        "kernel_opt": {
          "bias": [0.0925699884065121],
          "rmse": [0.0925699884065121]
        },
        "kernel_iqr": {
          "bias": [0.139692326548874],
          "rmse": [0.139692326548874]
        }
      },
      "size: 100": {
        "parametric": {
          "bias": [0.0156544065448381],
          "rmse": [0.0156544065448381]
        },
        "kernel_hscv": {
          "bias": [-0.00478993808686712],
          "rmse": [0.00478993808686712]
        },
        "kernel_opt": {
          "bias": [-0.00754093889739471],
          "rmse": [0.00754093889739471]
        },
        "kernel_iqr": {
          "bias": [0.00321063766396568],
          "rmse": [0.00321063766396568]
        }
      }
    },
    "t0: 0.8": {
      "true_eta": [0.598635278948514],
      "size: 20": {
        "parametric": {
          "bias": [0.0722428243481111],
          "rmse": [0.0722428243481111]
        },
        "kernel_hscv": {
          "bias": [0.0413937690844787],
          "rmse": [0.0413937690844787]
        },
        "kernel_opt": {
          "bias": [0.0508741716766919],
          "rmse": [0.0508741716766919]
        },
        "kernel_iqr": {
          "bias": [0.106411047283217],
          "rmse": [0.106411047283217]
        }
      },
      "size: 50": {
        "parametric": {
          "bias": [-0.020465785716391],
          "rmse": [0.020465785716391]
        },
        "kernel_hscv": {
          "bias": [-0.0648744752398428],
          "rmse": [0.0648744752398428]
        },
        "kernel_opt": {
          "bias": [-0.070726041802131],
          "rmse": [0.070726041802131]
        },
        "kernel_iqr": {
          "bias": [-0.049503295045041],
          "rmse": [0.049503295045041]
        }
      },
      "size: 100": {
        "parametric": {
          "bias": [0.0713728453171881],
          "rmse": [0.0713728453171881]
        },
        "kernel_hscv": {
          "bias": [0.0453065994168032],
          "rmse": [0.0453065994168032]
        },
        "kernel_opt": {
          "bias": [0.047137517137973],
          "rmse": [0.047137517137973]
        },
        "kernel_iqr": {
          "bias": [0.056373575711866],
          "rmse": [0.056373575711866]
        }
      }
    },
    "t0: 1": {
      "true_eta": [0.605604355267068],
      "size: 20": {
        "parametric": {
          "bias": [0.0598565103145365],
          "rmse": [0.0598565103145365]
        },
        "kernel_hscv": {
          "bias": [0.0224340136023687],
          "rmse": [0.0224340136023687]
        },
        "kernel_opt": {
          "bias": [0.059649694989876],
          "rmse": [0.059649694989876]
        },
        "kernel_iqr": {
          "bias": [0.128141013434815],
          "rmse": [0.128141013434815]
        }
      },
      "size: 50": {
        "parametric": {
          "bias": [0.0514644269313707],
          "rmse": [0.0514644269313707]
        },
        "kernel_hscv": {
          "bias": [0.0289023802114934],
          "rmse": [0.0289023802114934]
        },
        "kernel_opt": {
          "bias": [0.0269316235180802],
          "rmse": [0.0269316235180802]
        },
        "kernel_iqr": {
          "bias": [0.0370573032810446],
          "rmse": [0.0370573032810446]
        }
      },
      "size: 100": {
        "parametric": {
          "bias": [0.0143059302726256],
          "rmse": [0.0143059302726256]
        },
        "kernel_hscv": {
          "bias": [-0.000263317061262702],
          "rmse": [0.000263317061262702]
        },
        "kernel_opt": {
          "bias": [-0.00779375927254289],
          "rmse": [0.00779375927254289]
        },
        "kernel_iqr": {
          "bias": [0.00976363319376794],
          "rmse": [0.00976363319376794]
        }
      }
    }
  },
  "AUC: 0.75": {
    "missing_param": [2.080078125],
    "t0: 0.2": {
      "true_eta": [0.739630226865457],
      "size: 20": {
        "parametric": {
          "bias": [-0.0601400086576609],
          "rmse": [0.0601400086576609]
        },
        "kernel_hscv": {
          "bias": [-0.109033273101117],
          "rmse": [0.109033273101117]
        },
        "kernel_opt": {
          "bias": [-0.114426410979776],
          "rmse": [0.114426410979776]
        },
        "kernel_iqr": {
          "bias": [-0.106166919010785],
          "rmse": [0.106166919010785]
        }
      },
      "size: 50": {
        "parametric": {
          "bias": [-0.0353344907775276],
          "rmse": [0.0353344907775276]
        },
        "kernel_hscv": {
          "bias": [-0.0514898779495813],
          "rmse": [0.0514898779495813]
        },
        "kernel_opt": {
          "bias": [-0.0554226546609187],
          "rmse": [0.0554226546609187]
        },
        "kernel_iqr": {
          "bias": [-0.0273766015023812],
          "rmse": [0.0273766015023812]
        }
      },
      "size: 100": {
        "parametric": {
          "bias": [-0.0634236063127985],
          "rmse": [0.0634236063127985]
        },
        "kernel_hscv": {
          "bias": [-0.0339515100249153],
          "rmse": [0.0339515100249153]
        },
        "kernel_opt": {
          "bias": [-0.0430127064888245],
          "rmse": [0.0430127064888245]
        },
        "kernel_iqr": {
          "bias": [-0.0253905352016108],
          "rmse": [0.0253905352016108]
        }
      }
    },
    "t0: 0.4": {
      "true_eta": [0.740366054887216],
      "size: 20": {
        "parametric": {
          "bias": [0.144807852890226],