{
  "header": ["Simulation results for  lognormal_2_box_cox_inside_eta_box_cox_before_eta"],
  "AUC: 0.6": {
    "missing_param": [1.806640625],
    "t0: 0.2": {
      "true_eta": [0.824111221372774],
      "size: 20": {
        "parametric": {
          "bias": [-0.0661035726449301],
          "rmse": [0.0661035726449301]
        },
        "kernel_hscv": {
          "bias": [-0.0702038969086045],
          "rmse": [0.0702038969086045]
        },
        "kernel_opt": {
          "bias": [-0.125224532136895],
          "rmse": [0.125224532136895]
        },
        "kernel_iqr": {
          "bias": [-0.0337510314047024],
          "rmse": [0.0337510314047024]
        }
      },
      "size: 50": {
        "parametric": {
          "bias": [-0.0069599635977482],
          "rmse": [0.0069599635977482]
        },
        "kernel_hscv": {
          "bias": [-0.0235115728327372],
          "rmse": [0.0235115728327372]
        },
        "kernel_opt": {
          "bias": [-0.0271243295199393],
          "rmse": [0.0271243295199393]
        },
        "kernel_iqr": {
          "bias": [-0.0213134170914812],
          "rmse": [0.0213134170914812]
        }
      },
      "size: 100": {
        "parametric": {
          "bias": [-0.10932381064057],
          "rmse": [0.10932381064057]
        },
        "kernel_hscv": {
          "bias": [-0.0670597192741217],
          "rmse": [0.0670597192741217]
        },
        "kernel_opt": {
          "bias": [-0.0693104045013679],
          "rmse": [0.0693104045013679]
        },
        "kernel_iqr": {
          "bias": [-0.0623492254492206],
          "rmse": [0.0623492254492206]
        }
      }
    },
    "t0: 0.4": {
      "true_eta": [0.824123450629811],
      "size: 20": {
        "parametric": {
          "bias": [-0.189549842904832],
          "rmse": [0.189549842904832]
        },
        "kernel_hscv": {
          "bias": [-0.224327956195963],
          "rmse": [0.224327956195963]
        },
        "kernel_opt": {
          "bias": [-0.173568173528023],
          "rmse": [0.173568173528023]
        },
        "kernel_iqr": {
          "bias": [-0.050449719831184],
          "rmse": [0.050449719831184]
        }
      },
      "size: 50": {
        "parametric": {
          "bias": [0.0132536159393124],
          "rmse": [0.0132536159393124]
        },
        "kernel_hscv": {
          "bias": [-0.0402529991470387],
          "rmse": [0.0402529991470387]
        },
        "kernel_opt": {
          "bias": [-0.0438142186419913],
          "rmse": [0.0438142186419913]
        },
        "kernel_iqr": {
          "bias": [-0.0452238177767769],
          "rmse": [0.0452238177767769]
        }
      },
      "size: 100": {
        "parametric": {
          "bias": [-0.0731334029627458],
          "rmse": [0.0731334029627458]
        },
        "kernel_hscv": {
          "bias": [-0.0569542360437936],
          "rmse": [0.0569542360437936]
        },
        "kernel_opt": {
          "bias": [-0.073717291230707],
          "rmse": [0.073717291230707]
        },
        "kernel_iqr": {
          "bias": [-0.0527664968233873],
          "rmse": [0.0527664968233873]
        }
      }
    },
    "t0: 0.8": {
      "true_eta": [0.824183140118401],
      "size: 20": {
        "parametric": {
          "bias": [-0.0150167602607026],
          "rmse": [0.0150167602607026]
        },
        "kernel_hscv": {
          "bias": [-0.00781692153843005],
          "rmse": [0.00781692153843005]
        },
        "kernel_opt": {
          "bias": [-0.00491023259316603],
          "rmse": [0.00491023259316603]
        },
        "kernel_iqr": {
          "bias": [0.00520717460687525],
          "rmse": [0.00520717460687525]
        }
      },
      "size: 50": {
        "parametric": {
          "bias": [0.028447287793679],
          "rmse": [0.028447287793679]
        },
        "kernel_hscv": {
          "bias": [-0.0025108945279404],
          "rmse": [0.0025108945279404]
        },
        "kernel_opt": {
          "bias": [-0.00447399341866361],
          "rmse": [0.00447399341866361]
        },
        "kernel_iqr": {
          "bias": [-0.00149643463678251],
          "rmse": [0.00149643463678251]
        }
      },
      "size: 100": {
        "parametric": {
          "bias": [-0.174881766992851],
          "rmse": [0.174881766992851]
        },
        "kernel_hscv": {
          "bias": [-0.144456807217173],
          "rmse": [0.144456807217173]
        },
        "kernel_opt": {
          "bias": [-0.119695862294054],
          "rmse": [0.119695862294054]
        },
        "kernel_iqr": {
          "bias": [-0.111931052179621],
          "rmse": [0.111931052179621]
        }
      }
    },
    "t0: 1": {
      "true_eta": [0.824220190669917],
      "size: 20": {
        "parametric": {
          "bias": [-0.300111343290643],
          "rmse": [0.300111343290643]
        },
        "kernel_hscv": {
          "bias": [-0.270564597489552],
          "rmse": [0.270564597489552]
        },
        "kernel_opt": {
          "bias": [-0.296359470311304],
          "rmse": [0.296359470311304]
        },
        "kernel_iqr": {
          "bias": [-0.163018741244632],
          "rmse": [0.163018741244632]
        }
      },
      "size: 50": {
        "parametric": {
          "bias": [-0.00490766993278957],
          "rmse": [0.00490766993278957]
        },
        "kernel_hscv": {
          "bias": [-0.0383527781386607],
          "rmse": [0.0383527781386607]
        },
        "kernel_opt": {
          "bias": [-0.0304863558419064],
          "rmse": [0.0304863558419064]
        },
        "kernel_iqr": {
          "bias": [-0.0197024025634882],
          "rmse": [0.0197024025634882]
        }
      },
      "size: 100": {
        "parametric": {
          "bias": [-0.0136514157186083],
          "rmse": [0.0136514157186083]
        },
        "kernel_hscv": {
          "bias": [-0.0453621204224197],
          "rmse": [0.0453621204224197]
        },
        "kernel_opt": {
          "bias": [-0.04739945436781],
          "rmse": [0.04739945436781]
        },
        "kernel_iqr": {
          "bias": [-0.0441864169793835],
          "rmse": [0.0441864169793835]
        }
      }
    }
  },
  "AUC: 0.75": {
    "missing_param": [2.71484375],
    "t0: 0.2": {
      "true_eta": [0.865099660210015],
      "size: 20": {
        "parametric": {
          "bias": [-0.0701567173791405],
          "rmse": [0.0701567173791405]
        },
        "kernel_hscv": {
          "bias": [-0.0771515528407132],
          "rmse": [0.0771515528407132]
        },
        "kernel_opt": {
          "bias": [-0.0899595727251382],
          "rmse": [0.0899595727251382]
        },
        "kernel_iqr": {
          "bias": [-0.047978763599916],
          "rmse": [0.047978763599916]
        }
      },
      "size: 50": {
        "parametric": {
          "bias": [-0.0541401150915423],
          "rmse": [0.0541401150915423]
        },
        "kernel_hscv": {
          "bias": [-0.0777792913565268],
          "rmse": [0.0777792913565268]
        },
        "kernel_opt": {
          "bias": [-0.0896903959177338],
          "rmse": [0.0896903959177338]
        },
        "kernel_iqr": {
          "bias": [-0.077773991732318],
          "rmse": [0.077773991732318]
        }
      },
      "size: 100": {
        "parametric": {
          "bias": [0.000306528267146389],
          "rmse": [0.000306528267146389]
        },
        "kernel_hscv": {
          "bias": [-0.0368524864153814],
          "rmse": [0.0368524864153814]
        },
        "kernel_opt": {
          "bias": [-0.036826068033067],
          "rmse": [0.036826068033067]
        },
        "kernel_iqr": {
          "bias": [-0.0391191931360536],
          "rmse": [0.0391191931360536]
        }
      }
    },
    "t0: 0.4": {
      "true_eta": [0.86510280839445],
      "size: 20": {
        "parametric": {
          "bias": [-0.100389042940426],