{
  "header": ["Simulation results for  lognormal_3_box_cox_inside_eta"],
  "AUC: 0.6": {
    "missing_param": [1.30859375],
    "t0: 0.2": {
      "true_eta": [0.672205410421207],
      "size: 20": {
        "parametric": {
          "bias": [0.0610240710035357],
          "rmse": [0.0610240710035357]
        },
        "kernel_hscv": {
          "bias": [0.067067884947184],
          "rmse": [0.067067884947184]
        },
        "kernel_opt": {
          "bias": [0.0577893778961781],
          "rmse": [0.0577893778961781]
        },
        "kernel_iqr": {
          "bias": [0.080172392437816],
          "rmse": [0.080172392437816]
        }
      },
      "size: 50": {
        "parametric": {
          "bias": [0.0538075603617236],
          "rmse": [0.0538075603617236]
        },
        "kernel_hscv": {
          "bias": [0.0176391401587529],
          "rmse": [0.0176391401587529]
        },
        "kernel_opt": {
          "bias": [0.0120886938557531],
          "rmse": [0.0120886938557531]
        },
        "kernel_iqr": {
          "bias": [0.0162824287365403],
          "rmse": [0.0162824287365403]
        }
      },
      "size: 100": {
        "parametric": {
          "bias": [0.0310384266892829],
          "rmse": [0.0310384266892829]
        },
        "kernel_hscv": {
          "bias": [-0.0080182552799174],
          "rmse": [0.0080182552799174]
        },
        "kernel_opt": {
          "bias": [-0.00785546707539164],
          "rmse": [0.00785546707539164]
        },
        "kernel_iqr": {
          "bias": [-0.0038210415602854],
          "rmse": [0.0038210415602854]
        }
      }
    },
    "t0: 0.4": {
      "true_eta": [0.674684047789286],
      "size: 20": {
        "parametric": {
          "bias": [0.058191156990722],
          "rmse": [0.058191156990722]
        },
        "kernel_hscv": {
          "bias": [0.0245552037282564],
          "rmse": [0.0245552037282564]
        },
        "kernel_opt": {
          "bias": [0.0277387390547695],
          "rmse": [0.0277387390547695]
        },
        "kernel_iqr": {
          "bias": [0.0319199779333853],
          "rmse": [0.0319199779333853]
        }
      },
      "size: 50": {
        "parametric": {
          "bias": [0.0410904131951211],
          "rmse": [0.0410904131951211]
        },
        "kernel_hscv": {
          "bias": [-0.0101730561956811],
          "rmse": [0.0101730561956811]
        },
        "kernel_opt": {
          "bias": [-0.00814278493056908],
          "rmse": [0.00814278493056908]
        },
        "kernel_iqr": {
          "bias": [-0.0107883891091259],
          "rmse": [0.0107883891091259]
        }
      },
      "size: 100": {
        "parametric": {
          "bias": [0.0040999255754488],
          "rmse": [0.0040999255754488]
        },
        "kernel_hscv": {
          "bias": [-0.0205050086693328],
          "rmse": [0.0205050086693328]
        },
        "kernel_opt": {
          "bias": [-0.0194171539216541],
          "rmse": [0.0194171539216541]
        },
        "kernel_iqr": {
          "bias": [-0.0145021107923495],
          "rmse": [0.0145021107923495]
        }
      }
    },
    "t0: 0.8": {
      "true_eta": [0.679794209150724],
      "size: 20": {
        "parametric": {
          "bias": [0.00567225975305352],
          "rmse": [0.00567225975305352]
        },
        "kernel_hscv": {
          "bias": [0.0543322936927543],
          "rmse": [0.0543322936927543]
        },
        "kernel_opt": {
          "bias": [0.0321036050477967],
          "rmse": [0.0321036050477967]
        },
        "kernel_iqr": {
          "bias": [0.0635135290160482],
          "rmse": [0.0635135290160482]
        }
      },
      "size: 50": {
        "parametric": {
          "bias": [-0.00420818091383612],
          "rmse": [0.00420818091383612]
        },
        "kernel_hscv": {
          "bias": [-0.0117855479012751],
          "rmse": [0.0117855479012751]
        },
        "kernel_opt": {
          "bias": [-0.0166693157147527],
          "rmse": [0.0166693157147527]
        },
        "kernel_iqr": {
          "bias": [-0.0124381989224397],
          "rmse": [0.0124381989224397]
        }
      },
      "size: 100": {
        "parametric": {
          "bias": [-0.00983624407481354],
          "rmse": [0.00983624407481354]
        },
        "kernel_hscv": {
          "bias": [-0.00893433178664416],
          "rmse": [0.00893433178664416]
        },
        "kernel_opt": {
          "bias": [-0.00783160398517913],
          "rmse": [0.00783160398517913]
        },
        "kernel_iqr": {
          "bias": [-0.000478506721908523],
          "rmse": [0.000478506721908523]
        }
      }
    },
    "t0: 1": {
      "true_eta": [0.68220131853853],
      "size: 20": {
        "parametric": {
          "bias": [0.032434404042758],
          "rmse": [0.032434404042758]
        },
        "kernel_hscv": {
          "bias": [0.0196333320872655],
          "rmse": [0.0196333320872655]
        },
        "kernel_opt": {
          "bias": [0.0207739762513339],
          "rmse": [0.0207739762513339]
        },
        "kernel_iqr": {
          "bias": [0.0272972072161312],
          "rmse": [0.0272972072161312]
        }
      },
      "size: 50": {
        "parametric": {
          "bias": [0.0455582218678048],
          "rmse": [0.0455582218678048]
        },
        "kernel_hscv": {
          "bias": [0.0122624090156136],
          "rmse": [0.0122624090156136]
        },
        "kernel_opt": {
          "bias": [0.0142417869828195],
          "rmse": [0.0142417869828195]
        },
        "kernel_iqr": {
          "bias": [0.0164379107024266],
          "rmse": [0.0164379107024266]
        }
      },
      "size: 100": {
        "parametric": {
          "bias": [-0.0179411631704998],
          "rmse": [0.0179411631704998]
        },
        "kernel_hscv": {
          "bias": [-0.0226930122748914],
          "rmse": [0.0226930122748914]
        },
        "kernel_opt": {
          "bias": [-0.024541652994826],
          "rmse": [0.024541652994826]
        },
        "kernel_iqr": {
          "bias": [-0.0190138508275529],
          "rmse": [0.0190138508275529]
        }
      }
    }
  },
  "AUC: 0.75": {
    "missing_param": [1.982421875],
    "t0: 0.2": {
      "true_eta": [0.764563382128243],
      "size: 20": {
        "parametric": {
          "bias": [0.00987601629029344],
          "rmse": [0.00987601629029344]
        },
        "kernel_hscv": {
          "bias": [-0.0105529727190015],
          "rmse": [0.0105529727190015]
        },
        "kernel_opt": {
          "bias": [-0.0141151502130697],
          "rmse": [0.0141151502130697]
        },
        "kernel_iqr": {
          "bias": [-0.00295539209824347],
          "rmse": [0.00295539209824347]
        }
      },
      "size: 50": {
        "parametric": {
          "bias": [-0.0274813989703214],
          "rmse": [0.0274813989703214]
        },
        "kernel_hscv": {
          "bias": [-0.0196525847498644],
          "rmse": [0.0196525847498644]
        },
        "kernel_opt": {
          "bias": [-0.0251344893068683],
          "rmse": [0.0251344893068683]
        },
        "kernel_iqr": {
          "bias": [-0.00166513924135059],
          "rmse": [0.00166513924135059]
        }
      },
      "size: 100": {
        "parametric": {
          "bias": [0.0108391815730418],
          "rmse": [0.0108391815730418]
        },
        "kernel_hscv": {
          "bias": [0.000437281947630819],
          "rmse": [0.000437281947630819]
        },
        "kernel_opt": {
          "bias": [0.00459435189355561],
          "rmse": [0.00459435189355561]
        },
        "kernel_iqr": {
          "bias": [0.011840860275238],
          "rmse": [0.011840860275238]
        }
      }
    },
    "t0: 0.4": {
      "true_eta": [0.764991929292454],
      "size: 20": {
        "parametric": {
          "bias": [0.0155265127886483],