{
  "header": ["Simulation results for  lognormal_1_box_cox_parametric"],
  "AUC: 0.6": {
    "missing_param": [1.4013671875],
    "t0: 0.2": {
      "true_eta": [0.581099522502259],
      "size: 20": {
        "parametric": {
          "bias": [0.0250292271453296],
          "rmse": [0.121176809661364]
        },
        "kernel_hscv": {
          "bias": [0.14143874865669],
          "rmse": [0.18825221555635]
        },
        "kernel_opt": {
          "bias": [0.0643867092887684],
          "rmse": [0.18823687536866]
        },
        "kernel_iqr": {
          "bias": [0.156621453009146],
          "rmse": [0.195609578382635]
        }
      },
      "size: 50": {
        "parametric": {
          "bias": [0.0121980817804654],
          "rmse": [0.0694853308636162]
        },
        "kernel_hscv": {
          "bias": [0.131676064380577],
          "rmse": [0.151786275004675]
        },
        "kernel_opt": {
          "bias": [0.0576473947793661],
          "rmse": [0.131345097488405]
        },
        "kernel_iqr": {
          "bias": [0.134303855466236],
          "rmse": [0.155692781091004]
        }
      },
      "size: 100": {
        "parametric": {
          "bias": [0.00670123396290179],
          "rmse": [0.045937130944037]
        },
        "kernel_hscv": {
          "bias": [0.107755718783552],
          "rmse": [0.125004811451613]
        },
        "kernel_opt": {
          "bias": [0.0397594849910098],
          "rmse": [0.0974859725956399]
        },
        "kernel_iqr": {
          "bias": [0.10425891552573],
          "rmse": [0.123222816035869]
        }
      }
    },
    "t0: 0.4": {
      "true_eta": [0.5837328746201],
      "size: 20": {
        "parametric": {
          "bias": [0.0362574594606726],
          "rmse": [0.112316603937894]
        },
        "kernel_hscv": {
          "bias": [0.146292415394194],
          "rmse": [0.181602794543709]
        },
        "kernel_opt": {
          "bias": [0.0786493672206319],
          "rmse": [0.174413843722056]
        },
        "kernel_iqr": {
          "bias": [0.160546177094118],
          "rmse": [0.190770409667905]
        }
      },
      "size: 50": {
        "parametric": {
          "bias": [0.0174239154354131],
          "rmse": [0.0696564476865079]
        },
        "kernel_hscv": {
          "bias": [0.131864878105285],
          "rmse": [0.151100657156273]
        },
        "kernel_opt": {
          "bias": [0.0602787749502838],
          "rmse": [0.131806993480615]
        },
        "kernel_iqr": {
          "bias": [0.135270684536326],
          "rmse": [0.155048708848793]
        }
      },
      "size: 100": {
        "parametric": {
          "bias": [0.00752834697390325],
          "rmse": [0.0431748241412641]
        },
        "kernel_hscv": {
          "bias": [0.104077853538384],
          "rmse": [0.120734776113952]
        },
        "kernel_opt": {
          "bias": [0.0398759701691208],
          "rmse": [0.0926391683042016]
        },
        "kernel_iqr": {
          "bias": [0.1003087336414],
          "rmse": [0.118921169488132]
        }
      }
    },
    "t0: 0.8": {
      "true_eta": [0.598635278948514],
      "size: 20": {
        "parametric": {
          "bias": [0.0270017970534377],
          "rmse": [0.0954363972674375]
        },
        "kernel_hscv": {
          "bias": [0.132637317752509],
          "rmse": [0.164778306194785]
        },
        "kernel_opt": {
          "bias": [0.0645378607170376],
          "rmse": [0.157957499047435]
        },
        "kernel_iqr": {
          "bias": [0.148685106073854],
          "rmse": [0.173844820646061]
        }
      },
      "size: 50": {
        "parametric": {
          "bias": [0.0134546667862167],
          "rmse": [0.0570324348988615]
        },
        "kernel_hscv": {
          "bias": [0.119496484655358],
          "rmse": [0.138006206663344]
        },
        "kernel_opt": {
          "bias": [0.0528545583320748],
          "rmse": [0.115288651967988]
        },
        "kernel_iqr": {
          "bias": [0.122999652231769],
          "rmse": [0.141541234337296]
        }
      },
      "size: 100": {
        "parametric": {
          "bias": [0.00710521794482011],
          "rmse": [0.0382632356613296]
        },
        "kernel_hscv": {
          "bias": [0.0940198338295126],
          "rmse": [0.110529279551341]
        },
        "kernel_opt": {
          "bias": [0.0304782655323719],
          "rmse": [0.0823716976238065]
        },
        "kernel_iqr": {
          "bias": [0.0910815263499873],
          "rmse": [0.109376393356575]
        }
      }
    },
    "t0: 1": {
      "true_eta": [0.605604355267068],
      "size: 20": {
        "parametric": {
          "bias": [0.0291247567713383],
          "rmse": [0.0915761706441257]
        },
        "kernel_hscv": {
          "bias": [0.128534260675611],
          "rmse": [0.159208054529047]
        },
        "kernel_opt": {
          "bias": [0.0602337035549305],
          "rmse": [0.154126477165424]
        },
        "kernel_iqr": {
          "bias": [0.144537552380211],
          "rmse": [0.169097419252939]
        }
      },
      "size: 50": {
        "parametric": {
          "bias": [0.0139012930782778],
          "rmse": [0.055290497986426]
        },
        "kernel_hscv": {
          "bias": [0.112314747056855],
          "rmse": [0.132224002975931]
        },
        "kernel_opt": {
          "bias": [0.0474633266889591],
          "rmse": [0.111112851010384]
        },
        "kernel_iqr": {
          "bias": [0.115124995454058],
          "rmse": [0.135096292797542]
        }
      },
      "size: 100": {
        "parametric": {
          "bias": [0.00682302455532524],
          "rmse": [0.0378416132845333]
        },
        "kernel_hscv": {
          "bias": [0.0864382207602505],
          "rmse": [0.103381019413498]
        },
        "kernel_opt": {
          "bias": [0.0292967339875956],
          "rmse": [0.0791495977751897]
        },
        "kernel_iqr": {
          "bias": [0.0835625271336357],
          "rmse": [0.102620878407723]
        }
      }
    }
  },
  "AUC: 0.75": {
    "missing_param": [2.0703125],
    "t0: 0.2": {
      "true_eta": [0.737980136850995],
      "size: 20": {
        "parametric": {
          "bias": [0.01932047679077],
          "rmse": [0.0754792087894717]
        },
        "kernel_hscv": {
          "bias": [0.0700296146524012],
          "rmse": [0.0747534331869056]
        },
        "kernel_opt": {
          "bias": [0.0579241332627884],
          "rmse": [0.0823404136127885]
        },
        "kernel_iqr": {
          "bias": [0.0695801034310205],
          "rmse": [0.0728078766912624]
        }
      },
      "size: 50": {
        "parametric": {
          "bias": [0.0103430165411484],
          "rmse": [0.0532474396234449]
        },
        "kernel_hscv": {
          "bias": [0.0625166127799516],
          "rmse": [0.0654819835161815]
        },
        "kernel_opt": {
          "bias": [0.0561750979586304],
          "rmse": [0.0684570828036035]
        },
        "kernel_iqr": {
          "bias": [0.0628642472288526],
          "rmse": [0.0657723138423767]
        }
      },
      "size: 100": {
        "parametric": {
          "bias": [0.00450812622759988],
          "rmse": [0.0367789026074511]
        },
        "kernel_hscv": {
          "bias": [0.0519317630868482],
          "rmse": [0.0550774339159502]
        },
        "kernel_opt": {
          "bias": [0.0486359710810643],
          "rmse": [0.0597939766043746]
        },
        "kernel_iqr": {
          "bias": [0.0534382443141268],
          "rmse": [0.0568248547006053]
        }
      }
    },
    "t0: 0.4": {
      "true_eta": [0.738740668367798],
      "size: 20": {
        "parametric": {
          "bias": [0.0232981131422525],
          "rmse": [0.0768124915497936]
        },
        "kernel_hscv": {
          "bias": [0.069397389168821],