{
  "header": ["Simulation results for  lognormal_3_box_cox_parametric"],
  "AUC: 0.6": {
    "missing_param": [1.30859375],
    "t0: 0.2": {
      "true_eta": [0.672205410421207],
      "size: 20": {
        "parametric": {
          "bias": [0.00521637576454592],
          "rmse": [0.0763126577269793]
        },
        "kernel_hscv": {
          "bias": [-0.000796891311486858],
          "rmse": [0.145846115851723]
        },
        "kernel_opt": {
          "bias": [-0.070227916958536],
          "rmse": [0.178175448289203]
        },
        "kernel_iqr": {
          "bias": [0.0206643116548472],
          "rmse": [0.148248342859046]
        }
      },
      "size: 50": {
        "parametric": {
          "bias": [0.00416003059138959],
          "rmse": [0.0336405826320829]
        },
        "kernel_hscv": {
          "bias": [0.010852996792044],
          "rmse": [0.0799573182728393]
        },
        "kernel_opt": {
          "bias": [-0.0504699842487132],
          "rmse": [0.108873909471061]
        },
        "kernel_iqr": {
          "bias": [0.0169305889147333],
          "rmse": [0.0831638001171845]
        }
      },
      "size: 100": {
        "parametric": {
          "bias": [0.00167549105743248],
          "rmse": [0.0216989088450282]
        },
        "kernel_hscv": {
          "bias": [0.00736947285573597],
          "rmse": [0.046440179550621]
        },
        "kernel_opt": {
          "bias": [-0.0377595407355545],
          "rmse": [0.0685739815596363]
        },
        "kernel_iqr": {
          "bias": [0.00686581640098227],
          "rmse": [0.0472925069535496]
        }
      }
    },
    "t0: 0.4": {
      "true_eta": [0.674684047789286],
      "size: 20": {
        "parametric": {
          "bias": [0.0152175346346459],
          "rmse": [0.0538326049256452]
        },
        "kernel_hscv": {
          "bias": [0.0322053101898138],
          "rmse": [0.101706194631769]
        },
        "kernel_opt": {
          "bias": [-0.0213486105868584],
          "rmse": [0.0977294534883746]
        },
        "kernel_iqr": {
          "bias": [0.0541915891392195],
          "rmse": [0.111434665776502]
        }
      },
      "size: 50": {
        "parametric": {
          "bias": [0.00596348007776737],
          "rmse": [0.0306875192752107]
        },
        "kernel_hscv": {
          "bias": [0.0171288856689766],
          "rmse": [0.0669261532103017]
        },
        "kernel_opt": {
          "bias": [-0.0337414937494848],
          "rmse": [0.0672622806944697]
        },
        "kernel_iqr": {
          "bias": [0.0231341304721271],
          "rmse": [0.071499986684223]
        }
      },
      "size: 100": {
        "parametric": {
          "bias": [0.00308619643324637],
          "rmse": [0.0205756184318702]
        },
        "kernel_hscv": {
          "bias": [0.00917551955853846],
          "rmse": [0.0445008109100909]
        },
        "kernel_opt": {
          "bias": [-0.0299631090234767],
          "rmse": [0.0490702416261166]
        },
        "kernel_iqr": {
          "bias": [0.00821860604200031],
          "rmse": [0.0445708164160927]
        }
      }
    },
    "t0: 0.8": {
      "true_eta": [0.679794209150724],
      "size: 20": {
        "parametric": {
          "bias": [0.0155024352298093],
          "rmse": [0.0528916975152993]
        },
        "kernel_hscv": {
          "bias": [0.028241734304233],
          "rmse": [0.0938494819222159]
        },
        "kernel_opt": {
          "bias": [-0.0186487510510818],
          "rmse": [0.0917939368133371]
        },
        "kernel_iqr": {
          "bias": [0.0483253966773174],
          "rmse": [0.103016413114423]
        }
      },
      "size: 50": {
        "parametric": {
          "bias": [0.00419097405210433],
          "rmse": [0.0283830444427907]
        },
        "kernel_hscv": {
          "bias": [0.0147434458263064],
          "rmse": [0.0625254630112436]
        },
        "kernel_opt": {
          "bias": [-0.0292423320549728],
          "rmse": [0.0598273034293529]
        },
        "kernel_iqr": {
          "bias": [0.0196785364428645],
          "rmse": [0.0656665984547456]
        }
      },
      "size: 100": {
        "parametric": {
          "bias": [0.00294048097753519],
          "rmse": [0.0177647125586629]
        },
        "kernel_hscv": {
          "bias": [0.00833795110381519],
          "rmse": [0.0402875128674378]
        },
        "kernel_opt": {
          "bias": [-0.0269881701196535],
          "rmse": [0.0427466929490671]
        },
        "kernel_iqr": {
          "bias": [0.00792642580694258],
          "rmse": [0.0401450254724241]
        }
      }
    },
    "t0: 1": {
      "true_eta": [0.68220131853853],
      "size: 20": {
        "parametric": {
          "bias": [0.0110181304678606],
          "rmse": [0.048927824606833]
        },
        "kernel_hscv": {
          "bias": [0.0248282168906129],
          "rmse": [0.0895476318271784]
        },
        "kernel_opt": {
          "bias": [-0.0234760983937989],
          "rmse": [0.0850906350386859]
        },
        "kernel_iqr": {
          "bias": [0.0434824888625017],
          "rmse": [0.0985847408574821]
        }
      },
      "size: 50": {
        "parametric": {
          "bias": [0.00361373736821291],
          "rmse": [0.0262285008876053]
        },
        "kernel_hscv": {
          "bias": [0.0147371216419467],
          "rmse": [0.0586774510558195]
        },
        "kernel_opt": {
          "bias": [-0.0286367319732593],
          "rmse": [0.0560327873716297]
        },
        "kernel_iqr": {
          "bias": [0.0191354460657664],
          "rmse": [0.0622053286400932]
        }
      },
      "size: 100": {
        "parametric": {
          "bias": [0.00320250906445552],
          "rmse": [0.0176706979153789]
        },
        "kernel_hscv": {
          "bias": [0.011252359713866],
          "rmse": [0.0417492711199713]
        },
        "kernel_opt": {
          "bias": [-0.025451531050473],
          "rmse": [0.0423535310966982]
        },
        "kernel_iqr": {
          "bias": [0.0107029415926813],
          "rmse": [0.0413740772786076]
        }
      }
    }
  },
  "AUC: 0.75": {
    "missing_param": [1.982421875],
    "t0: 0.2": {
      "true_eta": [0.764563382128243],
      "size: 20": {
        "parametric": {
          "bias": [0.016411724171822],
          "rmse": [0.0487339827698904]
        },
        "kernel_hscv": {
          "bias": [0.0332212121512304],
          "rmse": [0.102467453003693]
        },
        "kernel_opt": {
          "bias": [0.0179529725301522],
          "rmse": [0.0854327444335217]
        },
        "kernel_iqr": {
          "bias": [0.0215274263144196],
          "rmse": [0.126297850397566]
        }
      },
      "size: 50": {
        "parametric": {
          "bias": [0.00713987343233535],
          "rmse": [0.0305675891153326]
        },
        "kernel_hscv": {
          "bias": [0.0480895059109636],
          "rmse": [0.0614107337728942]
        },
        "kernel_opt": {
          "bias": [0.0228227893069346],
          "rmse": [0.0583501405729892]
        },
        "kernel_iqr": {
          "bias": [0.0476633442109384],
          "rmse": [0.06674327972281]
        }
      },
      "size: 100": {
        "parametric": {
          "bias": [0.00329727334680763],
          "rmse": [0.019645840972137]
        },
        "kernel_hscv": {
          "bias": [0.043657576486743],
          "rmse": [0.0529268726371168]
        },
        "kernel_opt": {
          "bias": [0.0163395663080866],
          "rmse": [0.0454183189048005]
        },
        "kernel_iqr": {
          "bias": [0.0429829362001669],
          "rmse": [0.0534652428582473]
        }
      }
    },
    "t0: 0.4": {
      "true_eta": [0.764991929292454],
      "size: 20": {
        "parametric": {
          "bias": [0.0181074040604257],
          "rmse": [0.0521708242847883]
        },