{
  "header": ["Simulation results for  lognormal_2_box_cox_parametric_and_kernel"],
  "AUC: 0.6": {
    "missing_param": [1.806640625],
    "t0: 0.2": {
      "true_eta": [0.824111221372774],
      "size: 20": {
        "parametric": {
          "bias": [-0.0293374823931242],
          "rmse": [0.0973557399350119]
        },
        "kernel_hscv": {
          "bias": [-0.0754026096947669],
          "rmse": [0.127071182915293]
        },
        "kernel_opt": {
          "bias": [-0.0744260631897268],
          "rmse": [0.124884885459173]
        },
        "kernel_iqr": {
          "bias": [-0.0569999501885289],
          "rmse": [0.0975757514374151]
        }
      },
      "size: 50": {
        "parametric": {
          "bias": [-0.0164930051914007],
          "rmse": [0.0582850584563891]
        },
        "kernel_hscv": {
          "bias": [-0.0565574935262531],
          "rmse": [0.077783450829771]
        },
        "kernel_opt": {
          "bias": [-0.0561981050215519],
          "rmse": [0.0782791590783036]
        },
        "kernel_iqr": {
          "bias": [-0.0488706853389779],
          "rmse": [0.0675053424654738]
        }
      },
      "size: 100": {
        "parametric": {
          "bias": [-0.00872912916803659],
          "rmse": [0.0363728191213602]
        },
        "kernel_hscv": {
          "bias": [-0.0538819046261045],
          "rmse": [0.0653686713898838]
        },
        "kernel_opt": {
          "bias": [-0.0536353692592454],
          "rmse": [0.065427033298698]
        },
        "kernel_iqr": {
          "bias": [-0.0501505548197055],
          "rmse": [0.06032126071717]
        }
      }
    },
    "t0: 0.4": {
      "true_eta": [0.824123450629811],
      "size: 20": {
        "parametric": {
          "bias": [-0.0362408106535905],
          "rmse": [0.106169255583299]
        },
        "kernel_hscv": {
          "bias": [-0.0822543397158878],
          "rmse": [0.139563500692645]
        },
        "kernel_opt": {
          "bias": [-0.0792460213699198],
          "rmse": [0.133981129472387]
        },
        "kernel_iqr": {
          "bias": [-0.0604315737102005],
          "rmse": [0.107436393807859]
        }
      },
      "size: 50": {
        "parametric": {
          "bias": [-0.0121093599121893],
          "rmse": [0.0514341661422196]
        },
        "kernel_hscv": {
          "bias": [-0.0532478788213798],
          "rmse": [0.0719708197312955]
        },
        "kernel_opt": {
          "bias": [-0.0521244924750309],
          "rmse": [0.0713294534065582]
        },
        "kernel_iqr": {
          "bias": [-0.0458213295488751],
          "rmse": [0.0620927934655966]
        }
      },
      "size: 100": {
        "parametric": {
          "bias": [-0.00707946278452887],
          "rmse": [0.034318957022985]
        },
        "kernel_hscv": {
          "bias": [-0.0518412409587692],
          "rmse": [0.0630976556494566]
        },
        "kernel_opt": {
          "bias": [-0.0513914661096366],
          "rmse": [0.0628229539664036]
        },
        "kernel_iqr": {
          "bias": [-0.0478345701035667],
          "rmse": [0.0578424301419516]
        }
      }
    },
    "t0: 0.8": {
      "true_eta": [0.824183140118401],
      "size: 20": {
        "parametric": {
          "bias": [-0.0291822660922888],
          "rmse": [0.0968658726497812]
        },
        "kernel_hscv": {
          "bias": [-0.0734043585180111],
          "rmse": [0.123803989398362]
        },
        "kernel_opt": {
          "bias": [-0.071935380110721],
          "rmse": [0.122064891996327]
        },
        "kernel_iqr": {
          "bias": [-0.0547781643380553],
          "rmse": [0.0964460802174341]
        }
      },
      "size: 50": {
        "parametric": {
          "bias": [-0.0135658900281782],
          "rmse": [0.0535470287528267]
        },
        "kernel_hscv": {
          "bias": [-0.0543658761019608],
          "rmse": [0.0745156865334874]
        },
        "kernel_opt": {
          "bias": [-0.0534482843937317],
          "rmse": [0.0739416636813738]
        },
        "kernel_iqr": {
          "bias": [-0.0465279689449821],
          "rmse": [0.063618364159611]
        }
      },
      "size: 100": {
        "parametric": {
          "bias": [-0.00679892988185182],
          "rmse": [0.0312132163137531]
        },
        "kernel_hscv": {
          "bias": [-0.050646609245426],
          "rmse": [0.0605646025806571]
        },
        "kernel_opt": {
          "bias": [-0.0500811986526433],
          "rmse": [0.0600511342719184]
        },
        "kernel_iqr": {
          "bias": [-0.0468843062875586],
          "rmse": [0.0558355517513804]
        }
      }
    },
    "t0: 1": {
      "true_eta": [0.824220190669917],
      "size: 20": {
        "parametric": {
          "bias": [-0.0344047632687169],
          "rmse": [0.097557033496423]
        },
        "kernel_hscv": {
          "bias": [-0.0775613425173427],
          "rmse": [0.124137259343645]
        },
        "kernel_opt": {
          "bias": [-0.0737510472727593],
          "rmse": [0.119196747875897]
        },
        "kernel_iqr": {
          "bias": [-0.0548008300836135],
          "rmse": [0.0907574430239719]
        }
      },
      "size: 50": {
        "parametric": {
          "bias": [-0.0122813523224359],
          "rmse": [0.0522413525837695]
        },
        "kernel_hscv": {
          "bias": [-0.0533619288801328],
          "rmse": [0.071424287827762]
        },
        "kernel_opt": {
          "bias": [-0.0529820329650745],
          "rmse": [0.0714887254414702]
        },
        "kernel_iqr": {
          "bias": [-0.0461128929185349],
          "rmse": [0.0615834616610708]
        }
      },
      "size: 100": {
        "parametric": {
          "bias": [-0.00717462010650749],
          "rmse": [0.0324551079449095]
        },
        "kernel_hscv": {
          "bias": [-0.052173782486069],
          "rmse": [0.0627691162496325]
        },
        "kernel_opt": {
          "bias": [-0.0519082029808845],
          "rmse": [0.0628562026370574]
        },
        "kernel_iqr": {
          "bias": [-0.0485286932721137],
          "rmse": [0.0583671998441263]
        }
      }
    }
  },
  "AUC: 0.75": {
    "missing_param": [2.705078125],
    "t0: 0.2": {
      "true_eta": [0.864814916855234],
      "size: 20": {
        "parametric": {
          "bias": [-0.0177078634027584],
          "rmse": [0.0516845335442179]
        },
        "kernel_hscv": {
          "bias": [-0.0571832937131005],
          "rmse": [0.0724268480947085]
        },
        "kernel_opt": {
          "bias": [-0.0562945140994695],
          "rmse": [0.0713109926886004]
        },
        "kernel_iqr": {
          "bias": [-0.0499481795616625],
          "rmse": [0.0598923043443059]
        }
      },
      "size: 50": {
        "parametric": {
          "bias": [-0.00695857477141282],
          "rmse": [0.0260852568989371]
        },
        "kernel_hscv": {
          "bias": [-0.0476603011373926],
          "rmse": [0.0527145909138436]
        },
        "kernel_opt": {
          "bias": [-0.0474332678428336],
          "rmse": [0.0527110273467744]
        },
        "kernel_iqr": {
          "bias": [-0.0455638138911841],
          "rmse": [0.0493218351895959]
        }
      },
      "size: 100": {
        "parametric": {
          "bias": [-0.00388790891468771],
          "rmse": [0.0162236727151416]
        },
        "kernel_hscv": {
          "bias": [-0.0466298739265865],
          "rmse": [0.0493554436211275]
        },
        "kernel_opt": {
          "bias": [-0.0463309552344298],
          "rmse": [0.0490517868344188]
        },
        "kernel_iqr": {
          "bias": [-0.0461647657964288],
          "rmse": [0.048366554207034]
        }
      }
    },
    "t0: 0.4": {
      "true_eta": [0.86481810580889],
      "size: 20": {
        "parametric": {
          "bias": [-0.0157645206848054],