{
  "header": ["Simulation results for  lognormal_1_box_cox_inside_eta"],
  "AUC: 0.6": {
    "missing_param": [1.4013671875],
    "t0: 0.2": {
      "true_eta": [0.581099522502259],
      "size: 20": {
        "parametric": {
          "bias": [0.0871963498366801],
          "rmse": [0.0871963498366801]
        },
        "kernel_hscv": {
          "bias": [0.0289209424341179],
          "rmse": [0.0289209424341179]
        },
        "kernel_opt": {
          "bias": [0.0221470744626566],
          "rmse": [0.0221470744626566]
        },
        "kernel_iqr": {
          "bias": [0.0408749268516266],
          "rmse": [0.0408749268516266]
        }
      },
      "size: 50": {
        "parametric": {
          "bias": [0.0448001207293675],
          "rmse": [0.0448001207293675]
        },
        "kernel_hscv": {
          "bias": [0.00256468510835561],
          "rmse": [0.00256468510835561]
        },
        "kernel_opt": {
          "bias": [0.00356578167383992],
          "rmse": [0.00356578167383992]
        },
        "kernel_iqr": {
          "bias": [0.0489235736023572],
          "rmse": [0.0489235736023572]
        }
      },
      "size: 100": {
        "parametric": {
          "bias": [0.0301801555054851],
          "rmse": [0.0301801555054851]
        },
        "kernel_hscv": {
          "bias": [-0.00373168666945334],
          "rmse": [0.00373168666945334]
        },
        "kernel_opt": {
          "bias": [-0.00931550404224035],
          "rmse": [0.00931550404224035]
        },
        "kernel_iqr": {
          "bias": [0.00534708981547083],
          "rmse": [0.00534708981547083]
        }
      }
    },
    "t0: 0.4": {
      "true_eta": [0.5837328746201],
      "size: 20": {
        "parametric": {
          "bias": [-0.00940562355502228],
          "rmse": [0.00940562355502228]
        },
        "kernel_hscv": {
          "bias": [-0.00663534394163501],
          "rmse": [0.00663534394163501]
        },
        "kernel_opt": {
          "bias": [-0.0179041557879297],
          "rmse": [0.0179041557879297]
        },
        "kernel_iqr": {
          "bias": [0.0118236736261618],
          "rmse": [0.0118236736261618]
        }
      },
      "size: 50": {
        "parametric": {
          "bias": [0.127835766806207],
          "rmse": [0.127835766806207]
        },
        "kernel_hscv": {
          "bias": [0.176451271108652],
          "rmse": [0.176451271108652]
        },
        "kernel_opt": {
          "bias": [0.18448900186871],
          "rmse": [0.18448900186871]
        },
        "kernel_iqr": {
          "bias": [0.201287530795343],
          "rmse": [0.201287530795343]
        }
      },
      "size: 100": {
        "parametric": {
          "bias": [0.0190625552011469],
          "rmse": [0.0190625552011469]
        },
        "kernel_hscv": {
          "bias": [-0.00429179313285333],
          "rmse": [0.00429179313285333]
        },
        "kernel_opt": {
          "bias": [-0.00613172750907442],
          "rmse": [0.00613172750907442]
        },
        "kernel_iqr": {
          "bias": [0.00446409328200381],
          "rmse": [0.00446409328200381]
        }
      }
    },
    "t0: 0.8": {
      "true_eta": [0.598635278948514],
      "size: 20": {
        "parametric": {
          "bias": [0.142190441450829],
          "rmse": [0.142190441450829]
        },
        "kernel_hscv": {
          "bias": [0.066466981950482],
          "rmse": [0.066466981950482]
        },
        "kernel_opt": {
          "bias": [0.0961292502179706],
          "rmse": [0.0961292502179706]
        },
        "kernel_iqr": {
          "bias": [0.161684313845483],
          "rmse": [0.161684313845483]
        }
      },
      "size: 50": {
        "parametric": {
          "bias": [-0.0123836842784585],
          "rmse": [0.0123836842784585]
        },
        "kernel_hscv": {
          "bias": [-0.0604786762655543],
          "rmse": [0.0604786762655543]
        },
        "kernel_opt": {
          "bias": [-0.0612582688505762],
          "rmse": [0.0612582688505762]
        },
        "kernel_iqr": {
          "bias": [-0.0425134933167755],
          "rmse": [0.0425134933167755]
        }
      },
      "size: 100": {
        "parametric": {
          "bias": [0.0801249109859372],
          "rmse": [0.0801249109859372]
        },
        "kernel_hscv": {
          "bias": [0.0480801921714061],
          "rmse": [0.0480801921714061]
        },
        "kernel_opt": {
          "bias": [0.0496478641688273],
          "rmse": [0.0496478641688273]
        },
        "kernel_iqr": {
          "bias": [0.0585435504768959],
          "rmse": [0.0585435504768959]
        }
      }
    },
    "t0: 1": {
      "true_eta": [0.605604355267068],
      "size: 20": {
        "parametric": {
          "bias": [0.155863250049282],
          "rmse": [0.155863250049282]
        },
        "kernel_hscv": {
          "bias": [0.0948829051709069],
          "rmse": [0.0948829051709069]
        },
        "kernel_opt": {
          "bias": [0.153680568670957],
          "rmse": [0.153680568670957]
        },
        "kernel_iqr": {
          "bias": [0.186251528676878],
          "rmse": [0.186251528676878]
        }
      },
      "size: 50": {
        "parametric": {
          "bias": [0.051391043418433],
          "rmse": [0.051391043418433]
        },
        "kernel_hscv": {
          "bias": [0.0272098736700165],
          "rmse": [0.0272098736700165]
        },
        "kernel_opt": {
          "bias": [0.0266953576577111],
          "rmse": [0.0266953576577111]
        },
        "kernel_iqr": {
          "bias": [0.0364230635518017],
          "rmse": [0.0364230635518017]
        }
      },
      "size: 100": {
        "parametric": {
          "bias": [0.0224122336692186],
          "rmse": [0.0224122336692186]
        },
        "kernel_hscv": {
          "bias": [0.00315380095473694],
          "rmse": [0.00315380095473694]
        },
        "kernel_opt": {
          "bias": [-0.00335906831094734],
          "rmse": [0.00335906831094734]
        },
        "kernel_iqr": {
          "bias": [0.0127955926673957],
          "rmse": [0.0127955926673957]
        }
      }
    }
  },
  "AUC: 0.75": {
    "missing_param": [2.080078125],
    "t0: 0.2": {
      "true_eta": [0.739630226865457],
      "size: 20": {
        "parametric": {
          "bias": [-0.0540658584377963],
          "rmse": [0.0540658584377963]
        },
        "kernel_hscv": {
          "bias": [-0.114835833659795],
          "rmse": [0.114835833659795]
        },
        "kernel_opt": {
          "bias": [-0.112794875734428],
          "rmse": [0.112794875734428]
        },
        "kernel_iqr": {
          "bias": [-0.100780386353076],
          "rmse": [0.100780386353076]
        }
      },
      "size: 50": {
        "parametric": {
          "bias": [-0.013591639834185],
          "rmse": [0.013591639834185]
        },
        "kernel_hscv": {
          "bias": [-0.0331939663459258],
          "rmse": [0.0331939663459258]
        },
        "kernel_opt": {
          "bias": [-0.0240154215652196],
          "rmse": [0.0240154215652196]
        },
        "kernel_iqr": {
          "bias": [-0.00196340334238343],
          "rmse": [0.00196340334238343]
        }
      },
      "size: 100": {
        "parametric": {
          "bias": [-0.0587032602331267],
          "rmse": [0.0587032602331267]
        },
        "kernel_hscv": {
          "bias": [-0.0337900797155378],
          "rmse": [0.0337900797155378]
        },
        "kernel_opt": {
          "bias": [-0.0382396869944462],
          "rmse": [0.0382396869944462]
        },
        "kernel_iqr": {
          "bias": [-0.0214696025323589],
          "rmse": [0.0214696025323589]
        }
      }
    },
    "t0: 0.4": {
      "true_eta": [0.740366054887216],
      "size: 20": {
        "parametric": {
          "bias": [0.150032864306736],
          "rmse": [0.150032864306736]
        },