{
  "header": ["Simulation results for  lognormal_4_box_cox_inside_eta"],
  "AUC: 0.6": {
    "missing_param": [1.982421875],
    "t0: 0.2": {
      "true_eta": [0.852984186880726],
      "size: 20": {
        "parametric": {
          "bias": [0.00922827611612431],
          "rmse": [0.00922827611612431]
        },
        "kernel_hscv": {
          "bias": [-0.0504001811315644],
          "rmse": [0.0504001811315644]
        },
        "kernel_opt": {
          "bias": [-0.0546447573653522],
          "rmse": [0.0546447573653522]
        },
        "kernel_iqr": {
          "bias": [-0.0519450904944229],
          "rmse": [0.0519450904944229]
        }
      },
      "size: 50": {
        "parametric": {
          "bias": [-0.000164173221973596],
          "rmse": [0.000164173221973596]
        },
        "kernel_hscv": {
          "bias": [-0.0441448239132162],
          "rmse": [0.0441448239132162]
        },
        "kernel_opt": {
          "bias": [-0.0433734104515019],
          "rmse": [0.0433734104515019]
        },
        "kernel_iqr": {
          "bias": [-0.0490352012868772],
          "rmse": [0.0490352012868772]
        }
      },
      "size: 100": {
        "parametric": {
          "bias": [-0.0230829740880316],
          "rmse": [0.0230829740880316]
        },
        "kernel_hscv": {
          "bias": [-0.0604268230362072],
          "rmse": [0.0604268230362072]
        },
        "kernel_opt": {
          "bias": [-0.0616999800836849],
          "rmse": [0.0616999800836849]
        },
        "kernel_iqr": {
          "bias": [-0.0594732670395675],
          "rmse": [0.0594732670395675]
        }
      }
    },
    "t0: 0.4": {
      "true_eta": [0.852988161971782],
      "size: 20": {
        "parametric": {
          "bias": [-0.00770009443800757],
          "rmse": [0.00770009443800757]
        },
        "kernel_hscv": {
          "bias": [-0.0514222294907907],
          "rmse": [0.0514222294907907]
        },
        "kernel_opt": {
          "bias": [-0.0479951357035711],
          "rmse": [0.0479951357035711]
        },
        "kernel_iqr": {
          "bias": [-0.0440210223825219],
          "rmse": [0.0440210223825219]
        }
      },
      "size: 50": {
        "parametric": {
          "bias": [0.00629718804266055],
          "rmse": [0.00629718804266055]
        },
        "kernel_hscv": {
          "bias": [-0.0592082274119583],
          "rmse": [0.0592082274119583]
        },
        "kernel_opt": {
          "bias": [-0.0587500680971135],
          "rmse": [0.0587500680971135]
        },
        "kernel_iqr": {
          "bias": [-0.0657952017426051],
          "rmse": [0.0657952017426051]
        }
      },
      "size: 100": {
        "parametric": {
          "bias": [-0.0235593174381858],
          "rmse": [0.0235593174381858]
        },
        "kernel_hscv": {
          "bias": [-0.0635625977197389],
          "rmse": [0.0635625977197389]
        },
        "kernel_opt": {
          "bias": [-0.0682030569588097],
          "rmse": [0.0682030569588097]
        },
        "kernel_iqr": {
          "bias": [-0.0652748024176882],
          "rmse": [0.0652748024176882]
        }
      }
    },
    "t0: 0.8": {
      "true_eta": [0.853001466384267],
      "size: 20": {
        "parametric": {
          "bias": [0.0190879830857565],
          "rmse": [0.0190879830857565]
        },
        "kernel_hscv": {
          "bias": [-0.0225548322171402],
          "rmse": [0.0225548322171402]
        },
        "kernel_opt": {
          "bias": [-0.0242052216477371],
          "rmse": [0.0242052216477371]
        },
        "kernel_iqr": {
          "bias": [-0.02771095692424],
          "rmse": [0.02771095692424]
        }
      },
      "size: 50": {
        "parametric": {
          "bias": [0.0162058521368614],
          "rmse": [0.0162058521368614]
        },
        "kernel_hscv": {
          "bias": [-0.0336686684065335],
          "rmse": [0.0336686684065335]
        },
        "kernel_opt": {
          "bias": [-0.0341592306692341],
          "rmse": [0.0341592306692341]
        },
        "kernel_iqr": {
          "bias": [-0.0357902099863849],
          "rmse": [0.0357902099863849]
        }
      },
      "size: 100": {
        "parametric": {
          "bias": [-0.056343287317055],
          "rmse": [0.056343287317055]
        },
        "kernel_hscv": {
          "bias": [-0.104422845134932],
          "rmse": [0.104422845134932]
        },
        "kernel_opt": {
          "bias": [-0.0961882590696751],
          "rmse": [0.0961882590696751]
        },
        "kernel_iqr": {
          "bias": [-0.0984992672586978],
          "rmse": [0.0984992672586978]
        }
      }
    },
    "t0: 1": {
      "true_eta": [0.853010668631822],
      "size: 20": {
        "parametric": {
          "bias": [-0.0794604748130924],
          "rmse": [0.0794604748130924]
        },
        "kernel_hscv": {
          "bias": [-0.0980217778262924],
          "rmse": [0.0980217778262924]
        },
        "kernel_opt": {
          "bias": [-0.0945163344947134],
          "rmse": [0.0945163344947134]
        },
        "kernel_iqr": {
          "bias": [-0.0818953416597579],
          "rmse": [0.0818953416597579]
        }
      },
      "size: 50": {
        "parametric": {
          "bias": [0.0111786264160501],
          "rmse": [0.0111786264160501]
        },
        "kernel_hscv": {
          "bias": [-0.040286216676816],
          "rmse": [0.040286216676816]
        },
        "kernel_opt": {
          "bias": [-0.0409794943532925],
          "rmse": [0.0409794943532925]
        },
        "kernel_iqr": {
          "bias": [-0.0444489396225629],
          "rmse": [0.0444489396225629]
        }
      },
      "size: 100": {
        "parametric": {
          "bias": [0.000183063405584827],
          "rmse": [0.000183063405584827]
        },
        "kernel_hscv": {
          "bias": [-0.0595580627071411],
          "rmse": [0.0595580627071411]
        },
        "kernel_opt": {
          "bias": [-0.0594861380108616],
          "rmse": [0.0594861380108616]
        },
        "kernel_iqr": {
          "bias": [-0.0625621202920593],
          "rmse": [0.0625621202920593]
        }
      }
    }
  },
  "AUC: 0.75": {
    "missing_param": [3.06640625],
    "t0: 0.2": {
      "true_eta": [0.874870568315876],
      "size: 20": {
        "parametric": {
          "bias": [-0.0062043193282687],
          "rmse": [0.0062043193282687]
        },
        "kernel_hscv": {
          "bias": [-0.0506190054440706],
          "rmse": [0.0506190054440706]
        },
        "kernel_opt": {
          "bias": [-0.0534887382502438],
          "rmse": [0.0534887382502438]
        },
        "kernel_iqr": {
          "bias": [-0.0495170674124331],
          "rmse": [0.0495170674124331]
        }
      },
      "size: 50": {
        "parametric": {
          "bias": [-0.0148673803193019],
          "rmse": [0.0148673803193019]
        },
        "kernel_hscv": {
          "bias": [-0.0679934693478976],
          "rmse": [0.0679934693478976]
        },
        "kernel_opt": {
          "bias": [-0.0696363360493313],
          "rmse": [0.0696363360493313]
        },
        "kernel_iqr": {
          "bias": [-0.0708392679623886],
          "rmse": [0.0708392679623886]
        }
      },
      "size: 100": {
        "parametric": {
          "bias": [7.10162022412586e-05],
          "rmse": [7.10162022412586e-05]
        },
        "kernel_hscv": {
          "bias": [-0.050071075644644],
          "rmse": [0.050071075644644]
        },
        "kernel_opt": {
          "bias": [-0.050457930996348],
          "rmse": [0.050457930996348]
        },
        "kernel_iqr": {
          "bias": [-0.0529725506859915],
          "rmse": [0.0529725506859915]
        }
      }
    },
    "t0: 0.4": {
      "true_eta": [0.874872127758209],
      "size: 20": {
        "parametric": {
          "bias": [-0.00402174916476394],