{
  "header": ["Simulation results for  lognormal_2_box_cox_parametric"],
  "AUC: 0.6": {
    "missing_param": [1.806640625],
    "t0: 0.2": {
      "true_eta": [0.824111221372774],
      "size: 20": {
        "parametric": {
          "bias": [-0.0293374823931242],
          "rmse": [0.0973557399350119]
        },
        "kernel_hscv": {
          "bias": [-0.0753460008923793],
          "rmse": [0.11408606595689]
        },
        "kernel_opt": {
          "bias": [-0.0754360090155307],
          "rmse": [0.10780623610465]
        },
        "kernel_iqr": {
          "bias": [-0.0725454799630225],
          "rmse": [0.0954944141328514]
        }
      },
      "size: 50": {
        "parametric": {
          "bias": [-0.0164930051914007],
          "rmse": [0.0582850584563891]
        },
        "kernel_hscv": {
          "bias": [-0.0916223440908461],
          "rmse": [0.115154558839391]
        },
        "kernel_opt": {
          "bias": [-0.0747227506588881],
          "rmse": [0.0979637698881138]
        },
        "kernel_iqr": {
          "bias": [-0.0875003921771726],
          "rmse": [0.100704365437347]
        }
      },
      "size: 100": {
        "parametric": {
          "bias": [-0.00872912916803659],
          "rmse": [0.0363728191213602]
        },
        "kernel_hscv": {
          "bias": [-0.124709480168041],
          "rmse": [0.144594796655404]
        },
        "kernel_opt": {
          "bias": [-0.0782894931359644],
          "rmse": [0.0984243920612834]
        },
        "kernel_iqr": {
          "bias": [-0.118632895476928],
          "rmse": [0.131463346318315]
        }
      }
    },
    "t0: 0.4": {
      "true_eta": [0.824123450629811],
      "size: 20": {
        "parametric": {
          "bias": [-0.0362408106535905],
          "rmse": [0.106169255583299]
        },
        "kernel_hscv": {
          "bias": [-0.0716993085320928],
          "rmse": [0.0950130738905581]
        },
        "kernel_opt": {
          "bias": [-0.0728808899243248],
          "rmse": [0.100164027860107]
        },
        "kernel_iqr": {
          "bias": [-0.0740307754101853],
          "rmse": [0.0970221380017219]
        }
      },
      "size: 50": {
        "parametric": {
          "bias": [-0.0121093599121893],
          "rmse": [0.0514341661422196]
        },
        "kernel_hscv": {
          "bias": [-0.0917646027494853],
          "rmse": [0.114758144911098]
        },
        "kernel_opt": {
          "bias": [-0.0729491611295363],
          "rmse": [0.0939659265787077]
        },
        "kernel_iqr": {
          "bias": [-0.087932374080591],
          "rmse": [0.101412128994746]
        }
      },
      "size: 100": {
        "parametric": {
          "bias": [-0.00707946278452887],
          "rmse": [0.034318957022985]
        },
        "kernel_hscv": {
          "bias": [-0.123990380444707],
          "rmse": [0.141421044577148]
        },
        "kernel_opt": {
          "bias": [-0.0786630380309199],
          "rmse": [0.0955233228355684]
        },
        "kernel_iqr": {
          "bias": [-0.115052996734573],
          "rmse": [0.126630580491046]
        }
      }
    },
    "t0: 0.8": {
      "true_eta": [0.824183140118401],
      "size: 20": {
        "parametric": {
          "bias": [-0.0291822660922888],
          "rmse": [0.0968658726497812]
        },
        "kernel_hscv": {
          "bias": [-0.0694305933476562],
          "rmse": [0.0893311701613787]
        },
        "kernel_opt": {
          "bias": [-0.0696641953935268],
          "rmse": [0.0911160707692556]
        },
        "kernel_iqr": {
          "bias": [-0.0697240473700852],
          "rmse": [0.0887400504156806]
        }
      },
      "size: 50": {
        "parametric": {
          "bias": [-0.0135658900281782],
          "rmse": [0.0535470287528267]
        },
        "kernel_hscv": {
          "bias": [-0.0895705112381877],
          "rmse": [0.107867604650264]
        },
        "kernel_opt": {
          "bias": [-0.0728911850608494],
          "rmse": [0.0925139345408589]
        },
        "kernel_iqr": {
          "bias": [-0.0884716818599321],
          "rmse": [0.10327814019237]
        }
      },
      "size: 100": {
        "parametric": {
          "bias": [-0.00679892988185182],
          "rmse": [0.0312132163137531]
        },
        "kernel_hscv": {
          "bias": [-0.12056556758849],
          "rmse": [0.134173659575067]
        },
        "kernel_opt": {
          "bias": [-0.0771275089479505],
          "rmse": [0.0920256100126348]
        },
        "kernel_iqr": {
          "bias": [-0.113681893440564],
          "rmse": [0.12519554708215]
        }
      }
    },
    "t0: 1": {
      "true_eta": [0.824220190669917],
      "size: 20": {
        "parametric": {
          "bias": [-0.0344047632687169],
          "rmse": [0.097557033496423]
        },
        "kernel_hscv": {
          "bias": [-0.0664703304286726],
          "rmse": [0.0815237151429007]
        },
        "kernel_opt": {
          "bias": [-0.0679107342129727],
          "rmse": [0.0861561584342139]
        },
        "kernel_iqr": {
          "bias": [-0.0677080971853132],
          "rmse": [0.0811547279728718]
        }
      },
      "size: 50": {
        "parametric": {
          "bias": [-0.0122813523224359],
          "rmse": [0.0522413525837695]
        },
        "kernel_hscv": {
          "bias": [-0.0870348107011931],
          "rmse": [0.102085986756314]
        },
        "kernel_opt": {
          "bias": [-0.06941620095948],
          "rmse": [0.0843118544312366]
        },
        "kernel_iqr": {
          "bias": [-0.0857887293500861],
          "rmse": [0.0992195127862106]
        }
      },
      "size: 100": {
        "parametric": {
          "bias": [-0.00717462010650749],
          "rmse": [0.0324551079449095]
        },
        "kernel_hscv": {
          "bias": [-0.117344599245146],
          "rmse": [0.129656636004966]
        },
        "kernel_opt": {
          "bias": [-0.0754186273788682],
          "rmse": [0.0892151195782598]
        },
        "kernel_iqr": {
          "bias": [-0.114755368252097],
          "rmse": [0.125766699625177]
        }
      }
    }
  },
  "AUC: 0.75": {
    "missing_param": [2.705078125],
    "t0: 0.2": {
      "true_eta": [0.864814916855234],
      "size: 20": {
        "parametric": {
          "bias": [-0.0177078634027584],
          "rmse": [0.0516845335442179]
        },
        "kernel_hscv": {
          "bias": [-0.189665122123226],
          "rmse": [0.250683164430354]
        },
        "kernel_opt": {
          "bias": [-0.177934476598153],
          "rmse": [0.227175733824962]
        },
        "kernel_iqr": {
          "bias": [-0.185354345117951],
          "rmse": [0.239044982269288]
        }
      },
      "size: 50": {
        "parametric": {
          "bias": [-0.00695857477141282],
          "rmse": [0.0260852568989371]
        },
        "kernel_hscv": {
          "bias": [-0.228977545034047],
          "rmse": [0.289946502687575]
        },
        "kernel_opt": {
          "bias": [-0.199406842507799],
          "rmse": [0.25472144809627]
        },
        "kernel_iqr": {
          "bias": [-0.20644248718248],
          "rmse": [0.252508222785817]
        }
      },
      "size: 100": {
        "parametric": {
          "bias": [-0.00388790891468771],
          "rmse": [0.0162236727151416]
        },
        "kernel_hscv": {
          "bias": [-0.246143692133338],
          "rmse": [0.28832336877399]
        },
        "kernel_opt": {
          "bias": [-0.201640796680357],
          "rmse": [0.251488488375067]
        },
        "kernel_iqr": {
          "bias": [-0.205992449036434],
          "rmse": [0.233534732390606]
        }
      }
    },
    "t0: 0.4": {
      "true_eta": [0.86481810580889],
      "size: 20": {
        "parametric": {
          "bias": [-0.0157645206848054],
          "rmse": [0.0492920346245566]
        },