{
  "header": ["Simulation results for  lognormal_3_box_cox_parametric_and_kernel"],
  "AUC: 0.6": {
    "missing_param": [1.30859375],
    "t0: 0.2": {
      "true_eta": [0.672205410421207],
      "size: 20": {
        "parametric": {
          "bias": [0.00521637576454592],
          "rmse": [0.0763126577269793]
        },
        "kernel_hscv": {
          "bias": [-0.0467894505660078],
          "rmse": [0.126954192201547]
        },
        "kernel_opt": {
          "bias": [-0.0444502541395443],
          "rmse": [0.120438069592464]
        },
        "kernel_iqr": {
          "bias": [-0.0238976146726516],
          "rmse": [0.110396908858523]
        }
      },
      "size: 50": {
        "parametric": {
          "bias": [0.00416003059138959],
          "rmse": [0.0336405826320829]
        },
        "kernel_hscv": {
          "bias": [-0.0224430191966328],
          "rmse": [0.0567157648338788]
        },
        "kernel_opt": {
          "bias": [-0.0229033231510287],
          "rmse": [0.0548562285634296]
        },
        "kernel_iqr": {
          "bias": [-0.0127716331312967],
          "rmse": [0.0505953550671401]
        }
      },
      "size: 100": {
        "parametric": {
          "bias": [0.00167549105743248],
          "rmse": [0.0216989088450282]
        },
        "kernel_hscv": {
          "bias": [-0.0147122911272507],
          "rmse": [0.0326899152186304]
        },
        "kernel_opt": {
          "bias": [-0.0152956743069518],
          "rmse": [0.0319013891009564]
        },
        "kernel_iqr": {
          "bias": [-0.00887735061889883],
          "rmse": [0.0304069689641201]
        }
      }
    },
    "t0: 0.4": {
      "true_eta": [0.674684047789286],
      "size: 20": {
        "parametric": {
          "bias": [0.0152175346346459],
          "rmse": [0.0538326049256452]
        },
        "kernel_hscv": {
          "bias": [-0.0106700907826204],
          "rmse": [0.0564093174701849]
        },
        "kernel_opt": {
          "bias": [-0.0123948109501263],
          "rmse": [0.0559159650309242]
        },
        "kernel_iqr": {
          "bias": [0.00219169977771394],
          "rmse": [0.059506647406096]
        }
      },
      "size: 50": {
        "parametric": {
          "bias": [0.00596348007776737],
          "rmse": [0.0306875192752107]
        },
        "kernel_hscv": {
          "bias": [-0.0135003392196693],
          "rmse": [0.0370922967545772]
        },
        "kernel_opt": {
          "bias": [-0.0148572125967937],
          "rmse": [0.0365378090778883]
        },
        "kernel_iqr": {
          "bias": [-0.00651812141195773],
          "rmse": [0.0365863697428362]
        }
      },
      "size: 100": {
        "parametric": {
          "bias": [0.00308619643324637],
          "rmse": [0.0205756184318702]
        },
        "kernel_hscv": {
          "bias": [-0.0125451422533526],
          "rmse": [0.0279827367867942]
        },
        "kernel_opt": {
          "bias": [-0.0130510042415839],
          "rmse": [0.0273201948130445]
        },
        "kernel_iqr": {
          "bias": [-0.00727058999728503],
          "rmse": [0.0268535769281939]
        }
      }
    },
    "t0: 0.8": {
      "true_eta": [0.679794209150724],
      "size: 20": {
        "parametric": {
          "bias": [0.0155024352298093],
          "rmse": [0.0528916975152993]
        },
        "kernel_hscv": {
          "bias": [-0.00735650040076996],
          "rmse": [0.0536987249799295]
        },
        "kernel_opt": {
          "bias": [-0.00900471536798875],
          "rmse": [0.0537331737497737]
        },
        "kernel_iqr": {
          "bias": [0.00483738817070378],
          "rmse": [0.057038518590556]
        }
      },
      "size: 50": {
        "parametric": {
          "bias": [0.00419097405210433],
          "rmse": [0.0283830444427907]
        },
        "kernel_hscv": {
          "bias": [-0.0128011429018434],
          "rmse": [0.0335282369464546]
        },
        "kernel_opt": {
          "bias": [-0.0142145288066832],
          "rmse": [0.0329925662993684]
        },
        "kernel_iqr": {
          "bias": [-0.00653961716211438],
          "rmse": [0.0329198733701924]
        }
      },
      "size: 100": {
        "parametric": {
          "bias": [0.00294048097753519],
          "rmse": [0.0177647125586629]
        },
        "kernel_hscv": {
          "bias": [-0.0108767347693995],
          "rmse": [0.0241114184886418]
        },
        "kernel_opt": {
          "bias": [-0.0114753330791856],
          "rmse": [0.023666729475006]
        },
        "kernel_iqr": {
          "bias": [-0.00611994899916446],
          "rmse": [0.0231564542562596]
        }
      }
    },
    "t0: 1": {
      "true_eta": [0.68220131853853],
      "size: 20": {
        "parametric": {
          "bias": [0.0110181304678606],
          "rmse": [0.048927824606833]
        },
        "kernel_hscv": {
          "bias": [-0.0105737320825851],
          "rmse": [0.0509505799733631]
        },
        "kernel_opt": {
          "bias": [-0.0126461639310729],
          "rmse": [0.0508495695025463]
        },
        "kernel_iqr": {
          "bias": [0.000940850328730258],
          "rmse": [0.0524921795192382]
        }
      },
      "size: 50": {
        "parametric": {
          "bias": [0.00361373736821291],
          "rmse": [0.0262285008876053]
        },
        "kernel_hscv": {
          "bias": [-0.0132473361886568],
          "rmse": [0.0318957848796098]
        },
        "kernel_opt": {
          "bias": [-0.0142957823568504],
          "rmse": [0.0313378154909755]
        },
        "kernel_iqr": {
          "bias": [-0.00678710658890158],
          "rmse": [0.0313835752180802]
        }
      },
      "size: 100": {
        "parametric": {
          "bias": [0.00320250906445552],
          "rmse": [0.0176706979153789]
        },
        "kernel_hscv": {
          "bias": [-0.00965093541975093],
          "rmse": [0.0226580181500912]
        },
        "kernel_opt": {
          "bias": [-0.0102508438200967],
          "rmse": [0.0222939505868293]
        },
        "kernel_iqr": {
          "bias": [-0.00502525880901705],
          "rmse": [0.0220498613369176]
        }
      }
    }
  },
  "AUC: 0.75": {
    "missing_param": [1.982421875],
    "t0: 0.2": {
      "true_eta": [0.764563382128243],
      "size: 20": {
        "parametric": {
          "bias": [0.016411724171822],
          "rmse": [0.0487339827698904]
        },
        "kernel_hscv": {
          "bias": [-0.0133037415898637],
          "rmse": [0.0520513975558599]
        },
        "kernel_opt": {
          "bias": [-0.011524548937807],
          "rmse": [0.0517993177491125]
        },
        "kernel_iqr": {
          "bias": [-0.00347977022798451],
          "rmse": [0.0658377452523633]
        }
      },
      "size: 50": {
        "parametric": {
          "bias": [0.00713987343233535],
          "rmse": [0.0305675891153326]
        },
        "kernel_hscv": {
          "bias": [-0.015576025246088],
          "rmse": [0.0371260892740719]
        },
        "kernel_opt": {
          "bias": [-0.0153016495398492],
          "rmse": [0.0369512577616805]
        },
        "kernel_iqr": {
          "bias": [-0.00601591366478293],
          "rmse": [0.0369863887841441]
        }
      },
      "size: 100": {
        "parametric": {
          "bias": [0.00329727334680763],
          "rmse": [0.019645840972137]
        },
        "kernel_hscv": {
          "bias": [-0.0148236286856951],
          "rmse": [0.0270262211026203]
        },
        "kernel_opt": {
          "bias": [-0.0145867484017294],
          "rmse": [0.0265877522957166]
        },
        "kernel_iqr": {
          "bias": [-0.0080853187729083],
          "rmse": [0.0254959428871429]
        }
      }
    },
    "t0: 0.4": {
      "true_eta": [0.764991929292454],
      "size: 20": {
        "parametric": {
          "bias": [0.0181074040604257],