{
  "header": ["Simulation results for  normal_3"],
  "AUC: 0.6": {
    "missing_param": [0.80078125],
    "t0: 0.2": {
      "true_eta": [0.841577201944427],
      "size: 20": {
        "parametric": {
          "bias": [-0.010015357002057],
          "rmse": [0.0425178131777501]
        },
        "kernel_hscv": {
          "bias": [-0.0835027344550455],
          "rmse": [0.112483004901447]
        },
        "kernel_opt": {
          "bias": [-0.0819721309818807],
          "rmse": [0.111430804311795]
        },
        "kernel_iqr": {
          "bias": [-0.0837614181831701],
          "rmse": [0.107899836818922]
        }
      },
      "size: 50": {
        "parametric": {
          "bias": [-0.00416809446289124],
          "rmse": [0.0174638826144597]
        },
        "kernel_hscv": {
          "bias": [-0.0779456919460539],
          "rmse": [0.0831184312261012]
        },
        "kernel_opt": {
          "bias": [-0.0768115879498021],
          "rmse": [0.0818420804518912]
        },
        "kernel_iqr": {
          "bias": [-0.0811346026319951],
          "rmse": [0.0863086311635548]
        }
      },
      "size: 100": {
        "parametric": {
          "bias": [-0.00213373134563966],
          "rmse": [0.0112043387131108]
        },
        "kernel_hscv": {
          "bias": [-0.0790218121840566],
          "rmse": [0.0817491341468247]
        },
        "kernel_opt": {
          "bias": [-0.0782709577114394],
          "rmse": [0.0808990207624708]
        },
        "kernel_iqr": {
          "bias": [-0.083072686877026],
          "rmse": [0.0858357888673006]
        }
      }
    },
    "t0: 0.4": {
      "true_eta": [0.841586472578881],
      "size: 20": {
        "parametric": {
          "bias": [-0.0105202350230973],
          "rmse": [0.0440851527742402]
        },
        "kernel_hscv": {
          "bias": [-0.0857228167933951],
          "rmse": [0.114165765620725]
        },
        "kernel_opt": {
          "bias": [-0.083065892539358],
          "rmse": [0.11139231525842]
        },
        "kernel_iqr": {
          "bias": [-0.0861089887709434],
          "rmse": [0.10927606461515]
        }
      },
      "size: 50": {
        "parametric": {
          "bias": [-0.00379450069917464],
          "rmse": [0.0206492237079371]
        },
        "kernel_hscv": {
          "bias": [-0.0780592437700023],
          "rmse": [0.0832110075370849]
        },
        "kernel_opt": {
          "bias": [-0.0766491474883519],
          "rmse": [0.0815884903397101]
        },
        "kernel_iqr": {
          "bias": [-0.0814527300835948],
          "rmse": [0.0866934332225548]
        }
      },
      "size: 100": {
        "parametric": {
          "bias": [-0.0013310211034967],
          "rmse": [0.0108215113234152]
        },
        "kernel_hscv": {
          "bias": [-0.0773785612284379],
          "rmse": [0.0799051148822066]
        },
        "kernel_opt": {
          "bias": [-0.0766814723656711],
          "rmse": [0.079166410098285]
        },
        "kernel_iqr": {
          "bias": [-0.0815508152889306],
          "rmse": [0.0841324686877042]
        }
      }
    },
    "t0: 0.8": {
      "true_eta": [0.841608108934117],
      "size: 20": {
        "parametric": {
          "bias": [-0.0103725172784555],
          "rmse": [0.041411632282663]
        },
        "kernel_hscv": {
          "bias": [-0.082563142882723],
          "rmse": [0.103465932075962]
        },
        "kernel_opt": {
          "bias": [-0.0807087214855792],
          "rmse": [0.102561562113826]
        },
        "kernel_iqr": {
          "bias": [-0.0835673322664232],
          "rmse": [0.100681139657802]
        }
      },
      "size: 50": {
        "parametric": {
          "bias": [-0.00284883128597091],
          "rmse": [0.0163989429066866]
        },
        "kernel_hscv": {
          "bias": [-0.0750078734755707],
          "rmse": [0.0797126367703468]
        },
        "kernel_opt": {
          "bias": [-0.0736709219827176],
          "rmse": [0.0778309345089878]
        },
        "kernel_iqr": {
          "bias": [-0.0782806392661861],
          "rmse": [0.0831217172133867]
        }
      },
      "size: 100": {
        "parametric": {
          "bias": [-0.00166903806434349],
          "rmse": [0.0107261935637488]
        },
        "kernel_hscv": {
          "bias": [-0.0783569430731281],
          "rmse": [0.0809509412798892]
        },
        "kernel_opt": {
          "bias": [-0.0774924171266205],
          "rmse": [0.0799200087559623]
        },
        "kernel_iqr": {
          "bias": [-0.0825286231851825],
          "rmse": [0.0852427377085089]
        }
      }
    },
    "t0: 1": {
      "true_eta": [0.843605842198614],
      "size: 20": {
        "parametric": {
          "bias": [-0.00643353464379215],
          "rmse": [0.028129591935284]
        },
        "kernel_hscv": {
          "bias": [-0.0872645151717033],
          "rmse": [0.107120963682623]
        },
        "kernel_opt": {
          "bias": [-0.0840086026371253],
          "rmse": [0.102325262646516]
        },
        "kernel_iqr": {
          "bias": [-0.0879044132480264],
          "rmse": [0.103875590344974]
        }
      },
      "size: 50": {
        "parametric": {
          "bias": [-0.00216537889235835],
          "rmse": [0.0136202343001048]
        },
        "kernel_hscv": {
          "bias": [-0.0773806002234561],
          "rmse": [0.0818035388572761]
        },
        "kernel_opt": {
          "bias": [-0.076242829664726],
          "rmse": [0.080385837203717]
        },
        "kernel_iqr": {
          "bias": [-0.0807478777418854],
          "rmse": [0.0853548869471387]
        }
      },
      "size: 100": {
        "parametric": {
          "bias": [-0.00132149262523629],
          "rmse": [0.00921003113212277]
        },
        "kernel_hscv": {
          "bias": [-0.0799690736930535],
          "rmse": [0.0825984237747729]
        },
        "kernel_opt": {
          "bias": [-0.0791687305701303],
          "rmse": [0.081646183749555]
        },
        "kernel_iqr": {
          "bias": [-0.0841972944714851],
          "rmse": [0.0868729672975845]
        }
      }
    }
  },
  "AUC: 0.75": {
    "missing_param": [2.13623046875],
    "t0: 0.2": {
      "true_eta": [0.864089007827789],
      "size: 20": {
        "parametric": {
          "bias": [-0.00392533951666851],
          "rmse": [0.0170318110698443]
        },
        "kernel_hscv": {
          "bias": [-0.0648173984314379],
          "rmse": [0.0691890508558152]
        },
        "kernel_opt": {
          "bias": [-0.0636862981770108],
          "rmse": [0.0674561343019825]
        },
        "kernel_iqr": {
          "bias": [-0.0672726805185223],
          "rmse": [0.0709540910829295]
        }
      },
      "size: 50": {
        "parametric": {
          "bias": [-0.00154357569733832],
          "rmse": [0.00772974306689764]
        },
        "kernel_hscv": {
          "bias": [-0.0634748726357979],
          "rmse": [0.064817793332477]
        },
        "kernel_opt": {
          "bias": [-0.0628845041392736],
          "rmse": [0.0640807104511088]
        },
        "kernel_iqr": {
          "bias": [-0.0665182761570614],
          "rmse": [0.0679057018818748]
        }
      },
      "size: 100": {
        "parametric": {
          "bias": [-0.000674643713977185],
          "rmse": [0.00489760113373971]
        },
        "kernel_hscv": {
          "bias": [-0.064450392629701],
          "rmse": [0.0652721487410652]
        },
        "kernel_opt": {
          "bias": [-0.0639133082175186],
          "rmse": [0.0646376762668112]
        },
        "kernel_iqr": {
          "bias": [-0.0678844109660447],
          "rmse": [0.0687087354491671]
        }
      }
    },
    "t0: 0.4": {
      "true_eta": [0.864091811874168],
      "size: 20": {
        "parametric": {
          "bias": [-0.00453024337235974],
          "rmse": [0.0160559287567899]
        },