{
  "header": ["Simulation results for  normal_3_box_cox_parametric_and_kernel"],
  "AUC: 0.6": {
    "missing_param": [0.80078125],
    "t0: 0.2": {
      "true_eta": [0.841577201944427],
      "size: 20": {
        "parametric": {
          "bias": [-0.0176350962198407],
          "rmse": [0.0459304967774363]
        },
        "kernel_hscv": {
          "bias": [-0.0876750447140259],
          "rmse": [0.121950807682195]
        },
        "kernel_opt": {
          "bias": [-0.0857486978162492],
          "rmse": [0.119408590456875]
        },
        "kernel_iqr": {
          "bias": [-0.0837418996317577],
          "rmse": [0.109811655928375]
        }
      },
      "size: 50": {
        "parametric": {
          "bias": [-0.00812646434479602],
          "rmse": [0.0191215746511723]
        },
        "kernel_hscv": {
          "bias": [-0.0775444705012409],
          "rmse": [0.0827899808547457]
        },
        "kernel_opt": {
          "bias": [-0.076115015356545],
          "rmse": [0.0810403441213987]
        },
        "kernel_iqr": {
          "bias": [-0.0797670830897359],
          "rmse": [0.0848552476374119]
        }
      },
      "size: 100": {
        "parametric": {
          "bias": [-0.00468455976425564],
          "rmse": [0.0123898654513986]
        },
        "kernel_hscv": {
          "bias": [-0.0782429011580434],
          "rmse": [0.080920458286258]
        },
        "kernel_opt": {
          "bias": [-0.0772565943464775],
          "rmse": [0.0798152680589312]
        },
        "kernel_iqr": {
          "bias": [-0.0818453811913432],
          "rmse": [0.084576561582166]
        }
      }
    },
    "t0: 0.4": {
      "true_eta": [0.841586472578881],
      "size: 20": {
        "parametric": {
          "bias": [-0.0166583377993622],
          "rmse": [0.0431466180599563]
        },
        "kernel_hscv": {
          "bias": [-0.0906358215081126],
          "rmse": [0.124804590895367]
        },
        "kernel_opt": {
          "bias": [-0.0872009356632879],
          "rmse": [0.120307280717919]
        },
        "kernel_iqr": {
          "bias": [-0.0861766971164484],
          "rmse": [0.112095731689537]
        }
      },
      "size: 50": {
        "parametric": {
          "bias": [-0.00767172884968315],
          "rmse": [0.021300113265299]
        },
        "kernel_hscv": {
          "bias": [-0.0774856105123574],
          "rmse": [0.0827819624691918]
        },
        "kernel_opt": {
          "bias": [-0.0757913797375511],
          "rmse": [0.0807627676565731]
        },
        "kernel_iqr": {
          "bias": [-0.0799116793855484],
          "rmse": [0.085037162719136]
        }
      },
      "size: 100": {
        "parametric": {
          "bias": [-0.00386134341947564],
          "rmse": [0.0117586902544049]
        },
        "kernel_hscv": {
          "bias": [-0.0765045049008093],
          "rmse": [0.0790082978006639]
        },
        "kernel_opt": {
          "bias": [-0.0758208310246938],
          "rmse": [0.0782358619351073]
        },
        "kernel_iqr": {
          "bias": [-0.0801280176623167],
          "rmse": [0.0826530843690752]
        }
      }
    },
    "t0: 0.8": {
      "true_eta": [0.841608108934117],
      "size: 20": {
        "parametric": {
          "bias": [-0.0160082173292598],
          "rmse": [0.0398564798288809]
        },
        "kernel_hscv": {
          "bias": [-0.0867423619729943],
          "rmse": [0.112460899984167]
        },
        "kernel_opt": {
          "bias": [-0.083471956176413],
          "rmse": [0.108315831153375]
        },
        "kernel_iqr": {
          "bias": [-0.0835488934061509],
          "rmse": [0.102870771978956]
        }
      },
      "size: 50": {
        "parametric": {
          "bias": [-0.00644157677025636],
          "rmse": [0.0176715622349105]
        },
        "kernel_hscv": {
          "bias": [-0.0744897526463686],
          "rmse": [0.0791101031545333]
        },
        "kernel_opt": {
          "bias": [-0.072836211927701],
          "rmse": [0.0767790521863409]
        },
        "kernel_iqr": {
          "bias": [-0.0769426170080166],
          "rmse": [0.0815644294624971]
        }
      },
      "size: 100": {
        "parametric": {
          "bias": [-0.00431001680652388],
          "rmse": [0.0117715805757625]
        },
        "kernel_hscv": {
          "bias": [-0.0774317847777376],
          "rmse": [0.0799376324743062]
        },
        "kernel_opt": {
          "bias": [-0.0764036095075739],
          "rmse": [0.0787443027074586]
        },
        "kernel_iqr": {
          "bias": [-0.0812766193136554],
          "rmse": [0.0839259162767293]
        }
      }
    },
    "t0: 1": {
      "true_eta": [0.843605842198614],
      "size: 20": {
        "parametric": {
          "bias": [-0.0113008260750588],
          "rmse": [0.0349088561483099]
        },
        "kernel_hscv": {
          "bias": [-0.091720377516971],
          "rmse": [0.116078348232236]
        },
        "kernel_opt": {
          "bias": [-0.0882037159329709],
          "rmse": [0.111262963089235]
        },
        "kernel_iqr": {
          "bias": [-0.0881239077424498],
          "rmse": [0.105961517633359]
        }
      },
      "size: 50": {
        "parametric": {
          "bias": [-0.00495206581504437],
          "rmse": [0.0143877621369947]
        },
        "kernel_hscv": {
          "bias": [-0.0769584780400693],
          "rmse": [0.0813816160851379]
        },
        "kernel_opt": {
          "bias": [-0.0755484585925122],
          "rmse": [0.0795870052863522]
        },
        "kernel_iqr": {
          "bias": [-0.0792345700391009],
          "rmse": [0.0837515517142801]
        }
      },
      "size: 100": {
        "parametric": {
          "bias": [-0.00322155159533977],
          "rmse": [0.00964686911512761]
        },
        "kernel_hscv": {
          "bias": [-0.0792465465997086],
          "rmse": [0.0818617674376921]
        },
        "kernel_opt": {
          "bias": [-0.0783353709268179],
          "rmse": [0.0807485126111114]
        },
        "kernel_iqr": {
          "bias": [-0.0827823745588046],
          "rmse": [0.0854019091808944]
        }
      }
    }
  },
  "AUC: 0.75": {
    "missing_param": [2.13623046875],
    "t0: 0.2": {
      "true_eta": [0.864089007827789],
      "size: 20": {
        "parametric": {
          "bias": [-0.0163040941928809],
          "rmse": [0.0360247005600845]
        },
        "kernel_hscv": {
          "bias": [-0.0661726967166032],
          "rmse": [0.0741729648832959]
        },
        "kernel_opt": {
          "bias": [-0.0653071248894425],
          "rmse": [0.0724910711401458]
        },
        "kernel_iqr": {
          "bias": [-0.0656523448088733],
          "rmse": [0.0714207024852138]
        }
      },
      "size: 50": {
        "parametric": {
          "bias": [-0.00605030354935832],
          "rmse": [0.0114964555086545]
        },
        "kernel_hscv": {
          "bias": [-0.0624000852419897],
          "rmse": [0.0637881999848408]
        },
        "kernel_opt": {
          "bias": [-0.0617155037864754],
          "rmse": [0.0629407881063336]
        },
        "kernel_iqr": {
          "bias": [-0.0644654479466686],
          "rmse": [0.06582463965601]
        }
      },
      "size: 100": {
        "parametric": {
          "bias": [-0.00301774527579135],
          "rmse": [0.00642809960685615]
        },
        "kernel_hscv": {
          "bias": [-0.0633304280674154],
          "rmse": [0.0641146676327925]
        },
        "kernel_opt": {
          "bias": [-0.0628341160699134],
          "rmse": [0.0635372583448935]
        },
        "kernel_iqr": {
          "bias": [-0.0663641740097677],
          "rmse": [0.0671432832422999]
        }
      }
    },
    "t0: 0.4": {
      "true_eta": [0.864091811874168],
      "size: 20": {
        "parametric": {
          "bias": [-0.0176220649114427],