{
  "header": ["Simulation results for  normal_3"],
  "AUC: 0.6": {
    "missing_param": [0.80078125],
    "t0: 0.2": {
      "true_eta": [0.841577201944427],
      "size: 20": {
        "parametric": {
          "bias": [0.0192574052670028],
          "rmse": [0.0192574052670028]
        },
        "kernel_hscv": {
          "bias": [-0.0356968234715888],
          "rmse": [0.0356968234715888]
        },
        "kernel_opt": {
          "bias": [-0.0380808746773845],
          "rmse": [0.0380808746773845]
        },
        "kernel_iqr": {
          "bias": [-0.0360954118040246],
          "rmse": [0.0360954118040246]
        }
      },
      "size: 50": {
        "parametric": {
          "bias": [0.0166297244313484],
          "rmse": [0.0166297244313484]
        },
        "kernel_hscv": {
          "bias": [-0.0433090379355683],
          "rmse": [0.0433090379355683]
        },
        "kernel_opt": {
          "bias": [-0.0459837835979829],
          "rmse": [0.0459837835979829]
        },
        "kernel_iqr": {
          "bias": [-0.0528713015760072],
          "rmse": [0.0528713015760072]
        }
      },
      "size: 100": {
        "parametric": {
          "bias": [0.00297943136379053],
          "rmse": [0.00297943136379053]
        },
        "kernel_hscv": {
          "bias": [-0.076502220496333],
          "rmse": [0.076502220496333]
        },
        "kernel_opt": {
          "bias": [-0.0738195754076469],
          "rmse": [0.0738195754076469]
        },
        "kernel_iqr": {
          "bias": [-0.0794613810119938],
          "rmse": [0.0794613810119938]
        }
      }
    },
    "t0: 0.4": {
      "true_eta": [0.841586472578881],
      "size: 20": {
        "parametric": {
          "bias": [-0.123515754446626],
          "rmse": [0.123515754446626]
        },
        "kernel_hscv": {
          "bias": [-0.275747215891488],
          "rmse": [0.275747215891488]
        },
        "kernel_opt": {
          "bias": [-0.150293263574791],
          "rmse": [0.150293263574791]
        },
        "kernel_iqr": {
          "bias": [-0.140713147716397],
          "rmse": [0.140713147716397]
        }
      },
      "size: 50": {
        "parametric": {
          "bias": [0.0122468748642911],
          "rmse": [0.0122468748642911]
        },
        "kernel_hscv": {
          "bias": [-0.0637202131476216],
          "rmse": [0.0637202131476216]
        },
        "kernel_opt": {
          "bias": [-0.0618126141720839],
          "rmse": [0.0618126141720839]
        },
        "kernel_iqr": {
          "bias": [-0.0664892965069398],
          "rmse": [0.0664892965069398]
        }
      },
      "size: 100": {
        "parametric": {
          "bias": [0.0102149368339089],
          "rmse": [0.0102149368339089]
        },
        "kernel_hscv": {
          "bias": [-0.050773824763692],
          "rmse": [0.050773824763692]
        },
        "kernel_opt": {
          "bias": [-0.0500735521715551],
          "rmse": [0.0500735521715551]
        },
        "kernel_iqr": {
          "bias": [-0.0535772855431237],
          "rmse": [0.0535772855431237]
        }
      }
    },
    "t0: 0.8": {
      "true_eta": [0.841608108934117],
      "size: 20": {
        "parametric": {
          "bias": [-0.146852778466817],
          "rmse": [0.146852778466817]
        },
        "kernel_hscv": {
          "bias": [-0.545442122706337],
          "rmse": [0.545442122706337]
        },
        "kernel_opt": {
          "bias": [-0.575126797893622],
          "rmse": [0.575126797893622]
        },
        "kernel_iqr": {
          "bias": [-0.455418469704502],
          "rmse": [0.455418469704502]
        }
      },
      "size: 50": {
        "parametric": {
          "bias": [-0.0197881964842819],
          "rmse": [0.0197881964842819]
        },
        "kernel_hscv": {
          "bias": [-0.0713524048637002],
          "rmse": [0.0713524048637002]
        },
        "kernel_opt": {
          "bias": [-0.0744984317873115],
          "rmse": [0.0744984317873115]
        },
        "kernel_iqr": {
          "bias": [-0.0695344862617474],
          "rmse": [0.0695344862617474]
        }
      },
      "size: 100": {
        "parametric": {
          "bias": [-0.00291242625994126],
          "rmse": [0.00291242625994126]
        },
        "kernel_hscv": {
          "bias": [-0.0805181037853088],
          "rmse": [0.0805181037853088]
        },
        "kernel_opt": {
          "bias": [-0.0805854847869698],
          "rmse": [0.0805854847869698]
        },
        "kernel_iqr": {
          "bias": [-0.0868114487250279],
          "rmse": [0.0868114487250279]
        }
      }
    },
    "t0: 1": {
      "true_eta": [0.843605842198614],
      "size: 20": {
        "parametric": {
          "bias": [0.0143658785386636],
          "rmse": [0.0143658785386636]
        },
        "kernel_hscv": {
          "bias": [-0.0727030772307411],
          "rmse": [0.0727030772307411]
        },
        "kernel_opt": {
          "bias": [-0.067947932583636],
          "rmse": [0.067947932583636]
        },
        "kernel_iqr": {
          "bias": [-0.087657626970794],
          "rmse": [0.087657626970794]
        }
      },
      "size: 50": {
        "parametric": {
          "bias": [0.0135254087645819],
          "rmse": [0.0135254087645819]
        },
        "kernel_hscv": {
          "bias": [-0.0464666845990127],
          "rmse": [0.0464666845990127]
        },
        "kernel_opt": {
          "bias": [-0.0460433778258015],
          "rmse": [0.0460433778258015]
        },
        "kernel_iqr": {
          "bias": [-0.0519097622367206],
          "rmse": [0.0519097622367206]
        }
      },
      "size: 100": {
        "parametric": {
          "bias": [0.000503187879029476],
          "rmse": [0.000503187879029476]
        },
        "kernel_hscv": {
          "bias": [-0.103871083393667],
          "rmse": [0.103871083393667]
        },
        "kernel_opt": {
          "bias": [-0.0971449551800161],
          "rmse": [0.0971449551800161]
        },
        "kernel_iqr": {
          "bias": [-0.112957637507192],
          "rmse": [0.112957637507192]
        }
      }
    }
  },
  "AUC: 0.75": {
    "missing_param": [2.109375],
    "t0: 0.2": {
      "true_eta": [0.863762447299006],
      "size: 20": {
        "parametric": {
          "bias": [0.00788565655075335],
          "rmse": [0.00788565655075335]
        },
        "kernel_hscv": {
          "bias": [-0.0466672188691721],
          "rmse": [0.0466672188691721]
        },
        "kernel_opt": {
          "bias": [-0.0461332045947961],
          "rmse": [0.0461332045947961]
        },
        "kernel_iqr": {
          "bias": [-0.0415063230279649],
          "rmse": [0.0415063230279649]
        }
      },
      "size: 50": {
        "parametric": {
          "bias": [0.00225442302851986],
          "rmse": [0.00225442302851986]
        },
        "kernel_hscv": {
          "bias": [-0.0572303810968519],
          "rmse": [0.0572303810968519]
        },
        "kernel_opt": {
          "bias": [-0.0569662851440927],
          "rmse": [0.0569662851440927]
        },
        "kernel_iqr": {
          "bias": [-0.0578243807736718],
          "rmse": [0.0578243807736718]
        }
      },
      "size: 100": {
        "parametric": {
          "bias": [0.00317487201139677],
          "rmse": [0.00317487201139677]
        },
        "kernel_hscv": {
          "bias": [-0.046411256277812],
          "rmse": [0.046411256277812]
        },
        "kernel_opt": {
          "bias": [-0.0515349114562014],
          "rmse": [0.0515349114562014]
        },
        "kernel_iqr": {
          "bias": [-0.0536825939538321],
          "rmse": [0.0536825939538321]
        }
      }
    },
    "t0: 0.4": {
      "true_eta": [0.863765301199824],
      "size: 20": {
        "parametric": {
          "bias": [0.00503946653248721],
          "rmse": [0.00503946653248721]
        },