{
  "header": ["Simulation results for  normal_1"],
  "AUC: 0.6": {
    "missing_param": [0.3515625],
    "t0: 0.2": {
      "true_eta": [0.0707092475861975],
      "size: 20": {
        "parametric": {
          "bias": [-0.0570678861381874],
          "rmse": [0.0570678861381874]
        },
        "kernel_hscv": {
          "bias": [-0.00804653484711937],
          "rmse": [0.00804653484711937]
        },
        "kernel_opt": {
          "bias": [-0.00773139165110943],
          "rmse": [0.00773139165110943]
        },
        "kernel_iqr": {
          "bias": [0.050143263838635],
          "rmse": [0.050143263838635]
        }
      },
      "size: 50": {
        "parametric": {
          "bias": [-0.0376581033816715],
          "rmse": [0.0376581033816715]
        },
        "kernel_hscv": {
          "bias": [-0.0522055469278806],
          "rmse": [0.0522055469278806]
        },
        "kernel_opt": {
          "bias": [-0.0609228690114115],
          "rmse": [0.0609228690114115]
        },
        "kernel_iqr": {
          "bias": [-0.0490497222626197],
          "rmse": [0.0490497222626197]
        }
      },
      "size: 100": {
        "parametric": {
          "bias": [0.00667414202900457],
          "rmse": [0.00667414202900457]
        },
        "kernel_hscv": {
          "bias": [0.0719959114964575],
          "rmse": [0.0719959114964575]
        },
        "kernel_opt": {
          "bias": [0.00433631090175018],
          "rmse": [0.00433631090175018]
        },
        "kernel_iqr": {
          "bias": [0.0466651063792041],
          "rmse": [0.0466651063792041]
        }
      }
    },
    "t0: 0.4": {
      "true_eta": [0.0743492339261956],
      "size: 20": {
        "parametric": {
          "bias": [0.572021577374498],
          "rmse": [0.572021577374498]
        },
        "kernel_hscv": {
          "bias": [0.560447817497692],
          "rmse": [0.560447817497692]
        },
        "kernel_opt": {
          "bias": [0.560420320168567],
          "rmse": [0.560420320168567]
        },
        "kernel_iqr": {
          "bias": [0.581469543787677],
          "rmse": [0.581469543787677]
        }
      },
      "size: 50": {
        "parametric": {
          "bias": [0.0682329313261955],
          "rmse": [0.0682329313261955]
        },
        "kernel_hscv": {
          "bias": [0.0362793328374209],
          "rmse": [0.0362793328374209]
        },
        "kernel_opt": {
          "bias": [0.0436801929068925],
          "rmse": [0.0436801929068925]
        },
        "kernel_iqr": {
          "bias": [0.0961499501921159],
          "rmse": [0.0961499501921159]
        }
      },
      "size: 100": {
        "parametric": {
          "bias": [-0.00505797148021098],
          "rmse": [0.00505797148021098]
        },
        "kernel_hscv": {
          "bias": [0.03053787969391],
          "rmse": [0.03053787969391]
        },
        "kernel_opt": {
          "bias": [0.0253691627657918],
          "rmse": [0.0253691627657918]
        },
        "kernel_iqr": {
          "bias": [0.0468154685483176],
          "rmse": [0.0468154685483176]
        }
      }
    },
    "t0: 0.8": {
      "true_eta": [0.0830484086263704],
      "size: 20": {
        "parametric": {
          "bias": [-0.0762418782619499],
          "rmse": [0.0762418782619499]
        },
        "kernel_hscv": {
          "bias": [-0.0581130066034265],
          "rmse": [0.0581130066034265]
        },
        "kernel_opt": {
          "bias": [-0.0491194192246303],
          "rmse": [0.0491194192246303]
        },
        "kernel_iqr": {
          "bias": [-0.028796949530653],
          "rmse": [0.028796949530653]
        }
      },
      "size: 50": {
        "parametric": {
          "bias": [0.246502488941305],
          "rmse": [0.246502488941305]
        },
        "kernel_hscv": {
          "bias": [0.223803593425794],
          "rmse": [0.223803593425794]
        },
        "kernel_opt": {
          "bias": [0.189225606373959],
          "rmse": [0.189225606373959]
        },
        "kernel_iqr": {
          "bias": [0.270017443970551],
          "rmse": [0.270017443970551]
        }
      },
      "size: 100": {
        "parametric": {
          "bias": [0.000532814476835675],
          "rmse": [0.000532814476835675]
        },
        "kernel_hscv": {
          "bias": [-0.00301471614032053],
          "rmse": [0.00301471614032053]
        },
        "kernel_opt": {
          "bias": [-0.00158427211035733],
          "rmse": [0.00158427211035733]
        },
        "kernel_iqr": {
          "bias": [0.0106233755096497],
          "rmse": [0.0106233755096497]
        }
      }
    },
    "t0: 1": {
      "true_eta": [0.10980566899833],
      "size: 20": {
        "parametric": {
          "bias": [0.367614186582524],
          "rmse": [0.367614186582524]
        },
        "kernel_hscv": {
          "bias": [0.570483233848266],
          "rmse": [0.570483233848266]
        },
        "kernel_opt": {
          "bias": [0.413097494081755],
          "rmse": [0.413097494081755]
        },
        "kernel_iqr": {
          "bias": [0.526496538447028],
          "rmse": [0.526496538447028]
        }
      },
      "size: 50": {
        "parametric": {
          "bias": [-0.102000934995313],
          "rmse": [0.102000934995313]
        },
        "kernel_hscv": {
          "bias": [-0.0753828864378695],
          "rmse": [0.0753828864378695]
        },
        "kernel_opt": {
          "bias": [-0.072154920792493],
          "rmse": [0.072154920792493]
        },
        "kernel_iqr": {
          "bias": [-0.0561243490795613],
          "rmse": [0.0561243490795613]
        }
      },
      "size: 100": {
        "parametric": {
          "bias": [-0.0242344294726291],
          "rmse": [0.0242344294726291]
        },
        "kernel_hscv": {
          "bias": [0.00520551463140595],
          "rmse": [0.00520551463140595]
        },
        "kernel_opt": {
          "bias": [-0.0126096039136569],
          "rmse": [0.0126096039136569]
        },
        "kernel_iqr": {
          "bias": [0.0110661636237398],
          "rmse": [0.0110661636237398]
        }
      }
    }
  },
  "AUC: 0.75": {
    "missing_param": [0.95703125],
    "t0: 0.2": {
      "true_eta": [0.444064054083021],
      "size: 20": {
        "parametric": {
          "bias": [0.0191455547355938],
          "rmse": [0.0191455547355938]
        },
        "kernel_hscv": {
          "bias": [0.00229856922109278],
          "rmse": [0.00229856922109278]
        },
        "kernel_opt": {
          "bias": [0.0306313239459057],
          "rmse": [0.0306313239459057]
        },
        "kernel_iqr": {
          "bias": [0.111621518078028],
          "rmse": [0.111621518078028]
        }
      },
      "size: 50": {
        "parametric": {
          "bias": [-0.0400874969204187],
          "rmse": [0.0400874969204187]
        },
        "kernel_hscv": {
          "bias": [0.0498134405729341],
          "rmse": [0.0498134405729341]
        },
        "kernel_opt": {
          "bias": [0.147538965103481],
          "rmse": [0.147538965103481]
        },
        "kernel_iqr": {
          "bias": [0.186408530485645],
          "rmse": [0.186408530485645]
        }
      },
      "size: 100": {
        "parametric": {
          "bias": [-0.00264493886474143],
          "rmse": [0.00264493886474143]
        },
        "kernel_hscv": {
          "bias": [0.0915174939075898],
          "rmse": [0.0915174939075898]
        },
        "kernel_opt": {
          "bias": [0.0738757210605148],
          "rmse": [0.0738757210605148]
        },
        "kernel_iqr": {
          "bias": [0.107109011398279],
          "rmse": [0.107109011398279]
        }
      }
    },
    "t0: 0.4": {
      "true_eta": [0.445015350802117],
      "size: 20": {
        "parametric": {
          "bias": [0.272153311823178],
          "rmse": [0.272153311823178]
        },