{
  "header": ["Simulation results for  normal_2"],
  "AUC: 0.6": {
    "missing_param": [0.4296875],
    "t0: 0.2": {
      "true_eta": [0.484439556570541],
      "size: 20": {
        "parametric": {
          "bias": [-0.021197643405154],
          "rmse": [0.265417112866915]
        },
        "kernel_hscv": {
          "bias": [-0.0786423391481109],
          "rmse": [0.271523580536364]
        },
        "kernel_opt": {
          "bias": [-0.0843871275028804],
          "rmse": [0.273252375801179]
        },
        "kernel_iqr": {
          "bias": [-0.0206580620021664],
          "rmse": [0.255899941664654]
        }
      },
      "size: 50": {
        "parametric": {
          "bias": [-0.0243252134762282],
          "rmse": [0.206410598044624]
        },
        "kernel_hscv": {
          "bias": [-0.0562899207424062],
          "rmse": [0.216430016254121]
        },
        "kernel_opt": {
          "bias": [-0.0565165663331768],
          "rmse": [0.215962778753917]
        },
        "kernel_iqr": {
          "bias": [-0.0203953309737613],
          "rmse": [0.202825562986268]
        }
      },
      "size: 100": {
        "parametric": {
          "bias": [-0.0233768637765916],
          "rmse": [0.162493831392754]
        },
        "kernel_hscv": {
          "bias": [-0.0419461620685603],
          "rmse": [0.166578285533014]
        },
        "kernel_opt": {
          "bias": [-0.043398362255496],
          "rmse": [0.165911210155824]
        },
        "kernel_iqr": {
          "bias": [-0.0218482659726489],
          "rmse": [0.15712766084473]
        }
      }
    },
    "t0: 0.4": {
      "true_eta": [0.485141962580627],
      "size: 20": {
        "parametric": {
          "bias": [-0.0218992379796396],
          "rmse": [0.26456958541665]
        },
        "kernel_hscv": {
          "bias": [-0.0817630257804156],
          "rmse": [0.274194329769681]
        },
        "kernel_opt": {
          "bias": [-0.0887984286245003],
          "rmse": [0.277237463548386]
        },
        "kernel_iqr": {
          "bias": [-0.0207287393910556],
          "rmse": [0.253240614594455]
        }
      },
      "size: 50": {
        "parametric": {
          "bias": [-0.0241022972710866],
          "rmse": [0.207217591711342]
        },
        "kernel_hscv": {
          "bias": [-0.0516995568405106],
          "rmse": [0.211492646777308]
        },
        "kernel_opt": {
          "bias": [-0.0511465474094464],
          "rmse": [0.210567701490622]
        },
        "kernel_iqr": {
          "bias": [-0.016473339325845],
          "rmse": [0.197255920046998]
        }
      },
      "size: 100": {
        "parametric": {
          "bias": [-0.0165455263853396],
          "rmse": [0.161866960162794]
        },
        "kernel_hscv": {
          "bias": [-0.0324121659141311],
          "rmse": [0.163154120232855]
        },
        "kernel_opt": {
          "bias": [-0.0340687361684652],
          "rmse": [0.164701753658146]
        },
        "kernel_iqr": {
          "bias": [-0.010973119613195],
          "rmse": [0.156336509923816]
        }
      }
    },
    "t0: 0.8": {
      "true_eta": [0.489588981939298],
      "size: 20": {
        "parametric": {
          "bias": [-0.0293666532759977],
          "rmse": [0.258758650760245]
        },
        "kernel_hscv": {
          "bias": [-0.0794208175545066],
          "rmse": [0.261969222417489]
        },
        "kernel_opt": {
          "bias": [-0.0875835629754121],
          "rmse": [0.264580082565323]
        },
        "kernel_iqr": {
          "bias": [-0.0244800960897352],
          "rmse": [0.247469438595154]
        }
      },
      "size: 50": {
        "parametric": {
          "bias": [-0.0185231368327421],
          "rmse": [0.201867774778421]
        },
        "kernel_hscv": {
          "bias": [-0.0406796128897729],
          "rmse": [0.204509140038789]
        },
        "kernel_opt": {
          "bias": [-0.0421444666042206],
          "rmse": [0.204583719920136]
        },
        "kernel_iqr": {
          "bias": [-0.00722104599674173],
          "rmse": [0.193615448434961]
        }
      },
      "size: 100": {
        "parametric": {
          "bias": [-0.01550542102933],
          "rmse": [0.156585834486141]
        },
        "kernel_hscv": {
          "bias": [-0.0351618796108691],
          "rmse": [0.16036533030564]
        },
        "kernel_opt": {
          "bias": [-0.0360336413135883],
          "rmse": [0.160486552170701]
        },
        "kernel_iqr": {
          "bias": [-0.0146790611808498],
          "rmse": [0.152717927713575]
        }
      }
    },
    "t0: 1": {
      "true_eta": [0.495988867093588],
      "size: 20": {
        "parametric": {
          "bias": [-0.00125086492954679],
          "rmse": [0.243852816526526]
        },
        "kernel_hscv": {
          "bias": [-0.0680234137828488],
          "rmse": [0.243554331752618]
        },
        "kernel_opt": {
          "bias": [-0.0757652121866121],
          "rmse": [0.248523557705559]
        },
        "kernel_iqr": {
          "bias": [-0.0127571704214005],
          "rmse": [0.226357826683024]
        }
      },
      "size: 50": {
        "parametric": {
          "bias": [-0.0209139138949676],
          "rmse": [0.195493450127328]
        },
        "kernel_hscv": {
          "bias": [-0.050447074211505],
          "rmse": [0.193015837080883]
        },
        "kernel_opt": {
          "bias": [-0.0523623842851628],
          "rmse": [0.194646940636526]
        },
        "kernel_iqr": {
          "bias": [-0.0145977998681662],
          "rmse": [0.179798334568666]
        }
      },
      "size: 100": {
        "parametric": {
          "bias": [-0.012303151370123],
          "rmse": [0.154272611041883]
        },
        "kernel_hscv": {
          "bias": [-0.0312094802957216],
          "rmse": [0.155466547918145]
        },
        "kernel_opt": {
          "bias": [-0.0323252442722056],
          "rmse": [0.156684780775576]
        },
        "kernel_iqr": {
          "bias": [-0.010832584368534],
          "rmse": [0.148908344141665]
        }
      }
    }
  },
  "AUC: 0.75": {
    "missing_param": [1.15234375],
    "t0: 0.2": {
      "true_eta": [0.732194497679821],
      "size: 20": {
        "parametric": {
          "bias": [-0.0610025777439742],
          "rmse": [0.191219667399354]
        },
        "kernel_hscv": {
          "bias": [-0.11159268941226],
          "rmse": [0.225388122210003]
        },
        "kernel_opt": {
          "bias": [-0.112623085875684],
          "rmse": [0.225837797676219]
        },
        "kernel_iqr": {
          "bias": [-0.0710198545310008],
          "rmse": [0.188722670072468]
        }
      },
      "size: 50": {
        "parametric": {
          "bias": [-0.0251646265207208],
          "rmse": [0.107106212688227]
        },
        "kernel_hscv": {
          "bias": [-0.064840421453684],
          "rmse": [0.130352743682]
        },
        "kernel_opt": {
          "bias": [-0.0641208660699196],
          "rmse": [0.129155299971164]
        },
        "kernel_iqr": {
          "bias": [-0.0446923314290749],
          "rmse": [0.109594338726469]
        }
      },
      "size: 100": {
        "parametric": {
          "bias": [-0.014527168127707],
          "rmse": [0.0715887304620827]
        },
        "kernel_hscv": {
          "bias": [-0.0586266720439426],
          "rmse": [0.0992736278117539]
        },
        "kernel_opt": {
          "bias": [-0.0587695330218445],
          "rmse": [0.099245482388758]
        },
        "kernel_iqr": {
          "bias": [-0.0473356260355406],
          "rmse": [0.0882457353217242]
        }
      }
    },
    "t0: 0.4": {
      "true_eta": [0.732260009938421],
      "size: 20": {
        "parametric": {
          "bias": [-0.0561252340610116],
          "rmse": [0.176618940181706]
        },
        "kernel_hscv": {
          "bias": [-0.106069954948945],