{
  "header": ["Simulation results for  normal_2"],
  "AUC: 0.6": {
    "missing_param": [0.4296875],
    "t0: 0.2": {
      "true_eta": [0.484439556570541],
      "size: 20": {
        "parametric": {
          "bias": [-0.28618522802846],
          "rmse": [0.28618522802846]
        },
        "kernel_hscv": {
          "bias": [-0.338814576667044],
          "rmse": [0.338814576667044]
        },
        "kernel_opt": {
          "bias": [-0.332552019963095],
          "rmse": [0.332552019963095]
        },
        "kernel_iqr": {
          "bias": [-0.28214991469624],
          "rmse": [0.28214991469624]
        }
      },
      "size: 50": {
        "parametric": {
          "bias": [-0.225362810082016],
          "rmse": [0.225362810082016]
        },
        "kernel_hscv": {
          "bias": [-0.168697429836316],
          "rmse": [0.168697429836316]
        },
        "kernel_opt": {
          "bias": [-0.267540181045157],
          "rmse": [0.267540181045157]
        },
        "kernel_iqr": {
          "bias": [-0.0860540921660615],
          "rmse": [0.0860540921660615]
        }
      },
      "size: 100": {
        "parametric": {
          "bias": [0.0859971238326259],
          "rmse": [0.0859971238326259]
        },
        "kernel_hscv": {
          "bias": [0.0945134725715373],
          "rmse": [0.0945134725715373]
        },
        "kernel_opt": {
          "bias": [0.0505292881159836],
          "rmse": [0.0505292881159836]
        },
        "kernel_iqr": {
          "bias": [0.0516665979622438],
          "rmse": [0.0516665979622438]
        }
      }
    },
    "t0: 0.4": {
      "true_eta": [0.485141962580627],
      "size: 20": {
        "parametric": {
          "bias": [0.323823167878506],
          "rmse": [0.323823167878506]
        },
        "kernel_hscv": {
          "bias": [0.267299838310467],
          "rmse": [0.267299838310467]
        },
        "kernel_opt": {
          "bias": [0.261902938175679],
          "rmse": [0.261902938175679]
        },
        "kernel_iqr": {
          "bias": [0.258264306009159],
          "rmse": [0.258264306009159]
        }
      },
      "size: 50": {
        "parametric": {
          "bias": [0.104986705070096],
          "rmse": [0.104986705070096]
        },
        "kernel_hscv": {
          "bias": [0.0305479908864827],
          "rmse": [0.0305479908864827]
        },
        "kernel_opt": {
          "bias": [0.0570918818669318],
          "rmse": [0.0570918818669318]
        },
        "kernel_iqr": {
          "bias": [0.0544859432036477],
          "rmse": [0.0544859432036477]
        }
      },
      "size: 100": {
        "parametric": {
          "bias": [-0.0625816144916816],
          "rmse": [0.0625816144916816]
        },
        "kernel_hscv": {
          "bias": [-0.16256810327416],
          "rmse": [0.16256810327416]
        },
        "kernel_opt": {
          "bias": [-0.206626464894872],
          "rmse": [0.206626464894872]
        },
        "kernel_iqr": {
          "bias": [-0.137728898080087],
          "rmse": [0.137728898080087]
        }
      }
    },
    "t0: 0.8": {
      "true_eta": [0.489588981939298],
      "size: 20": {
        "parametric": {
          "bias": [-0.104494567473513],
          "rmse": [0.104494567473513]
        },
        "kernel_hscv": {
          "bias": [-0.362748595573673],
          "rmse": [0.362748595573673]
        },
        "kernel_opt": {
          "bias": [-0.352116468019135],
          "rmse": [0.352116468019135]
        },
        "kernel_iqr": {
          "bias": [-0.342113599850769],
          "rmse": [0.342113599850769]
        }
      },
      "size: 50": {
        "parametric": {
          "bias": [0.231443550432348],
          "rmse": [0.231443550432348]
        },
        "kernel_hscv": {
          "bias": [0.0558280438879582],
          "rmse": [0.0558280438879582]
        },
        "kernel_opt": {
          "bias": [-0.00854458250539958],
          "rmse": [0.00854458250539958]
        },
        "kernel_iqr": {
          "bias": [0.066403611938041],
          "rmse": [0.066403611938041]
        }
      },
      "size: 100": {
        "parametric": {
          "bias": [-0.117780053690439],
          "rmse": [0.117780053690439]
        },
        "kernel_hscv": {
          "bias": [-0.192167525589715],
          "rmse": [0.192167525589715]
        },
        "kernel_opt": {
          "bias": [-0.186769660631853],
          "rmse": [0.186769660631853]
        },
        "kernel_iqr": {
          "bias": [-0.16549979255295],
          "rmse": [0.16549979255295]
        }
      }
    },
    "t0: 1": {
      "true_eta": [0.495988867093588],
      "size: 20": {
        "parametric": {
          "bias": [0.256076703564883],
          "rmse": [0.256076703564883]
        },
        "kernel_hscv": {
          "bias": [0.246422341850599],
          "rmse": [0.246422341850599]
        },
        "kernel_opt": {
          "bias": [0.241378060038218],
          "rmse": [0.241378060038218]
        },
        "kernel_iqr": {
          "bias": [0.251732766049312],
          "rmse": [0.251732766049312]
        }
      },
      "size: 50": {
        "parametric": {
          "bias": [-0.238567683183034],
          "rmse": [0.238567683183034]
        },
        "kernel_hscv": {
          "bias": [-0.218033233613321],
          "rmse": [0.218033233613321]
        },
        "kernel_opt": {
          "bias": [-0.223050119328548],
          "rmse": [0.223050119328548]
        },
        "kernel_iqr": {
          "bias": [-0.173126156343935],
          "rmse": [0.173126156343935]
        }
      },
      "size: 100": {
        "parametric": {
          "bias": [-0.418799051215289],
          "rmse": [0.418799051215289]
        },
        "kernel_hscv": {
          "bias": [-0.255611996424241],
          "rmse": [0.255611996424241]
        },
        "kernel_opt": {
          "bias": [-0.350494445855763],
          "rmse": [0.350494445855763]
        },
        "kernel_iqr": {
          "bias": [-0.261892110660321],
          "rmse": [0.261892110660321]
        }
      }
    }
  },
  "AUC: 0.75": {
    "missing_param": [1.15234375],
    "t0: 0.2": {
      "true_eta": [0.732194497679821],
      "size: 20": {
        "parametric": {
          "bias": [-0.0145572256393871],
          "rmse": [0.0145572256393871]
        },
        "kernel_hscv": {
          "bias": [0.00717941397792865],
          "rmse": [0.00717941397792865]
        },
        "kernel_opt": {
          "bias": [0.00993026709934985],
          "rmse": [0.00993026709934985]
        },
        "kernel_iqr": {
          "bias": [0.0260605059109091],
          "rmse": [0.0260605059109091]
        }
      },
      "size: 50": {
        "parametric": {
          "bias": [-0.0306129788330268],
          "rmse": [0.0306129788330268]
        },
        "kernel_hscv": {
          "bias": [-0.0124275696958458],
          "rmse": [0.0124275696958458]
        },
        "kernel_opt": {
          "bias": [-0.00471540563387973],
          "rmse": [0.00471540563387973]
        },
        "kernel_iqr": {
          "bias": [-0.00522466675308109],
          "rmse": [0.00522466675308109]
        }
      },
      "size: 100": {
        "parametric": {
          "bias": [0.00301815539891226],
          "rmse": [0.00301815539891226]
        },
        "kernel_hscv": {
          "bias": [-0.0103943217054173],
          "rmse": [0.0103943217054173]
        },
        "kernel_opt": {
          "bias": [-0.0138885397013453],
          "rmse": [0.0138885397013453]
        },
        "kernel_iqr": {
          "bias": [-0.00839734673360015],
          "rmse": [0.00839734673360015]
        }
      }
    },
    "t0: 0.4": {
      "true_eta": [0.732260009938421],
      "size: 20": {
        "parametric": {
          "bias": [0.097379974904356],
          "rmse": [0.097379974904356]
        },
        "kernel_hscv": {
          "bias": [0.0418473793237341],