{
  "header": ["Simulation results for  normal_2_box_cox_parametric_and_kernel"],
  "AUC: 0.6": {
    "missing_param": [0.4296875],
    "t0: 0.2": {
      "true_eta": [0.484439556570541],
      "size: 20": {
        "parametric": {
          "bias": [-0.0659677302268379],
          "rmse": [0.268675908270632]
        },
        "kernel_hscv": {
          "bias": [-0.13740579362146],
          "rmse": [0.287204701313724]
        },
        "kernel_opt": {
          "bias": [-0.150620888833691],
          "rmse": [0.29000703863293]
        },
        "kernel_iqr": {
          "bias": [-0.0733213452662186],
          "rmse": [0.267759884891433]
        }
      },
      "size: 50": {
        "parametric": {
          "bias": [-0.0556613602060585],
          "rmse": [0.211779959315942]
        },
        "kernel_hscv": {
          "bias": [-0.0824566900780981],
          "rmse": [0.226740255704112]
        },
        "kernel_opt": {
          "bias": [-0.0839106989093195],
          "rmse": [0.225478404158897]
        },
        "kernel_iqr": {
          "bias": [-0.0407599508449885],
          "rmse": [0.210355113788519]
        }
      },
      "size: 100": {
        "parametric": {
          "bias": [-0.0442822152546546],
          "rmse": [0.166624050177603]
        },
        "kernel_hscv": {
          "bias": [-0.0526147108923716],
          "rmse": [0.171161374490925]
        },
        "kernel_opt": {
          "bias": [-0.0541402446738902],
          "rmse": [0.170226719253904]
        },
        "kernel_iqr": {
          "bias": [-0.0297076652141199],
          "rmse": [0.160333830276275]
        }
      }
    },
    "t0: 0.4": {
      "true_eta": [0.485141962580627],
      "size: 20": {
        "parametric": {
          "bias": [-0.0624111681714251],
          "rmse": [0.263827016465234]
        },
        "kernel_hscv": {
          "bias": [-0.138000343749767],
          "rmse": [0.289685082581348]
        },
        "kernel_opt": {
          "bias": [-0.151142687651592],
          "rmse": [0.293363929386884]
        },
        "kernel_iqr": {
          "bias": [-0.07504720501738],
          "rmse": [0.267845576427915]
        }
      },
      "size: 50": {
        "parametric": {
          "bias": [-0.0549636095512898],
          "rmse": [0.212086463657992]
        },
        "kernel_hscv": {
          "bias": [-0.0748329174719013],
          "rmse": [0.220369986342983]
        },
        "kernel_opt": {
          "bias": [-0.0768289143916401],
          "rmse": [0.219608475430058]
        },
        "kernel_iqr": {
          "bias": [-0.0347487227194532],
          "rmse": [0.20334655510263]
        }
      },
      "size: 100": {
        "parametric": {
          "bias": [-0.0393714042168867],
          "rmse": [0.167332130079072]
        },
        "kernel_hscv": {
          "bias": [-0.0436189547774983],
          "rmse": [0.168285245744938]
        },
        "kernel_opt": {
          "bias": [-0.0447865794149659],
          "rmse": [0.169272438722675]
        },
        "kernel_iqr": {
          "bias": [-0.0192869545042982],
          "rmse": [0.15972453291074]
        }
      }
    },
    "t0: 0.8": {
      "true_eta": [0.489588981939298],
      "size: 20": {
        "parametric": {
          "bias": [-0.0685591525322304],
          "rmse": [0.257500023071874]
        },
        "kernel_hscv": {
          "bias": [-0.133872631456572],
          "rmse": [0.274389343213733]
        },
        "kernel_opt": {
          "bias": [-0.150543763214707],
          "rmse": [0.279327038231635]
        },
        "kernel_iqr": {
          "bias": [-0.0732265713215292],
          "rmse": [0.25564981169675]
        }
      },
      "size: 50": {
        "parametric": {
          "bias": [-0.0503908826982147],
          "rmse": [0.208534428971385]
        },
        "kernel_hscv": {
          "bias": [-0.0641602300265],
          "rmse": [0.212109996171428]
        },
        "kernel_opt": {
          "bias": [-0.0670718115815629],
          "rmse": [0.212226095201273]
        },
        "kernel_iqr": {
          "bias": [-0.0255186473456563],
          "rmse": [0.198487713849237]
        }
      },
      "size: 100": {
        "parametric": {
          "bias": [-0.0355162939987053],
          "rmse": [0.159519286868581]
        },
        "kernel_hscv": {
          "bias": [-0.0455927716054277],
          "rmse": [0.164994026079986]
        },
        "kernel_opt": {
          "bias": [-0.0463397699513717],
          "rmse": [0.164258637427812]
        },
        "kernel_iqr": {
          "bias": [-0.0225802610006994],
          "rmse": [0.155350904521338]
        }
      }
    },
    "t0: 1": {
      "true_eta": [0.495988867093588],
      "size: 20": {
        "parametric": {
          "bias": [-0.0249998959062282],
          "rmse": [0.243835483243574]
        },
        "kernel_hscv": {
          "bias": [-0.107169134357092],
          "rmse": [0.242893898847015]
        },
        "kernel_opt": {
          "bias": [-0.123427383197727],
          "rmse": [0.249872303278978]
        },
        "kernel_iqr": {
          "bias": [-0.0489990382335224],
          "rmse": [0.227615470112688]
        }
      },
      "size: 50": {
        "parametric": {
          "bias": [-0.0449752087740983],
          "rmse": [0.201164643220165]
        },
        "kernel_hscv": {
          "bias": [-0.0735230583934035],
          "rmse": [0.200763447336354]
        },
        "kernel_opt": {
          "bias": [-0.0763905094817827],
          "rmse": [0.202585392016172]
        },
        "kernel_iqr": {
          "bias": [-0.0327015014017342],
          "rmse": [0.184027291843618]
        }
      },
      "size: 100": {
        "parametric": {
          "bias": [-0.0310795229931494],
          "rmse": [0.157720388238898]
        },
        "kernel_hscv": {
          "bias": [-0.0402495006834898],
          "rmse": [0.15849278446581]
        },
        "kernel_opt": {
          "bias": [-0.0417675851806177],
          "rmse": [0.159233725561087]
        },
        "kernel_iqr": {
          "bias": [-0.0171966248030296],
          "rmse": [0.150700826358552]
        }
      }
    }
  },
  "AUC: 0.75": {
    "missing_param": [1.15234375],
    "t0: 0.2": {
      "true_eta": [0.732194497679821],
      "size: 20": {
        "parametric": {
          "bias": [-0.155029465193993],
          "rmse": [0.251902285251436]
        },
        "kernel_hscv": {
          "bias": [-0.170963863529232],
          "rmse": [0.27094630545421]
        },
        "kernel_opt": {
          "bias": [-0.181896975339776],
          "rmse": [0.277728490040756]
        },
        "kernel_iqr": {
          "bias": [-0.116339222702961],
          "rmse": [0.226898799262106]
        }
      },
      "size: 50": {
        "parametric": {
          "bias": [-0.0760844288314168],
          "rmse": [0.146875612921284]
        },
        "kernel_hscv": {
          "bias": [-0.0860565598842293],
          "rmse": [0.151120691757689]
        },
        "kernel_opt": {
          "bias": [-0.0866915122509634],
          "rmse": [0.150951806317913]
        },
        "kernel_iqr": {
          "bias": [-0.0591103141896216],
          "rmse": [0.124937132018881]
        }
      },
      "size: 100": {
        "parametric": {
          "bias": [-0.0425606590142065],
          "rmse": [0.094469428079025]
        },
        "kernel_hscv": {
          "bias": [-0.0667021027080531],
          "rmse": [0.108453592013984]
        },
        "kernel_opt": {
          "bias": [-0.0672196976495867],
          "rmse": [0.108614704618725]
        },
        "kernel_iqr": {
          "bias": [-0.0528848179833464],
          "rmse": [0.0946775177196161]
        }
      }
    },
    "t0: 0.4": {
      "true_eta": [0.732260009938421],
      "size: 20": {
        "parametric": {
          "bias": [-0.154018289091493],
          "rmse": [0.246352770841341]
        },