{
  "header": ["Simulation results for  normal_1_box_cox_parametric_and_kernel"],
  "AUC: 0.6": {
    "missing_param": [0.3515625],
    "t0: 0.2": {
      "true_eta": [0.0707092475861975],
      "size: 20": {
        "parametric": {
          "bias": [0.0944767755906199],
          "rmse": [0.200857028950765]
        },
        "kernel_hscv": {
          "bias": [0.082774476920231],
          "rmse": [0.194248166495049]
        },
        "kernel_opt": {
          "bias": [0.066170315625945],
          "rmse": [0.174200600194314]
        },
        "kernel_iqr": {
          "bias": [0.121734973060216],
          "rmse": [0.233161231773897]
        }
      },
      "size: 50": {
        "parametric": {
          "bias": [0.0377517640234013],
          "rmse": [0.119386567717087]
        },
        "kernel_hscv": {
          "bias": [0.0561511681533934],
          "rmse": [0.144942494253134]
        },
        "kernel_opt": {
          "bias": [0.0492287886694653],
          "rmse": [0.136368119806766]
        },
        "kernel_iqr": {
          "bias": [0.0830555594021087],
          "rmse": [0.170610964563482]
        }
      },
      "size: 100": {
        "parametric": {
          "bias": [0.0186430638618212],
          "rmse": [0.0831048492995645]
        },
        "kernel_hscv": {
          "bias": [0.0431655358589506],
          "rmse": [0.112436026932189]
        },
        "kernel_opt": {
          "bias": [0.0382386588009613],
          "rmse": [0.105872286284141]
        },
        "kernel_iqr": {
          "bias": [0.0615882258517452],
          "rmse": [0.128271739422615]
        }
      }
    },
    "t0: 0.4": {
      "true_eta": [0.0743492339261956],
      "size: 20": {
        "parametric": {
          "bias": [0.111848209495868],
          "rmse": [0.212577207709024]
        },
        "kernel_hscv": {
          "bias": [0.100011114790662],
          "rmse": [0.205836731247557]
        },
        "kernel_opt": {
          "bias": [0.0798055212837986],
          "rmse": [0.181956429949647]
        },
        "kernel_iqr": {
          "bias": [0.144979230556984],
          "rmse": [0.253972997359265]
        }
      },
      "size: 50": {
        "parametric": {
          "bias": [0.0466376991211888],
          "rmse": [0.126444023090313]
        },
        "kernel_hscv": {
          "bias": [0.0670009599489433],
          "rmse": [0.150826089129816]
        },
        "kernel_opt": {
          "bias": [0.0590271915598608],
          "rmse": [0.144146464558552]
        },
        "kernel_iqr": {
          "bias": [0.0948688378791259],
          "rmse": [0.177148093537285]
        }
      },
      "size: 100": {
        "parametric": {
          "bias": [0.0247554454142505],
          "rmse": [0.0828183049785891]
        },
        "kernel_hscv": {
          "bias": [0.0495204434151645],
          "rmse": [0.108486495533291]
        },
        "kernel_opt": {
          "bias": [0.0455569340148634],
          "rmse": [0.104075921690646]
        },
        "kernel_iqr": {
          "bias": [0.0701604461034446],
          "rmse": [0.129029908831641]
        }
      }
    },
    "t0: 0.8": {
      "true_eta": [0.0830484086263704],
      "size: 20": {
        "parametric": {
          "bias": [0.108497181127593],
          "rmse": [0.199200769005599]
        },
        "kernel_hscv": {
          "bias": [0.101438250596508],
          "rmse": [0.188246218564984]
        },
        "kernel_opt": {
          "bias": [0.0818450587461224],
          "rmse": [0.169728710844438]
        },
        "kernel_iqr": {
          "bias": [0.147336115146405],
          "rmse": [0.235885540537569]
        }
      },
      "size: 50": {
        "parametric": {
          "bias": [0.0530219929456333],
          "rmse": [0.128606717355697]
        },
        "kernel_hscv": {
          "bias": [0.0809382147166673],
          "rmse": [0.1564240050193]
        },
        "kernel_opt": {
          "bias": [0.0688611874984219],
          "rmse": [0.144722112799289]
        },
        "kernel_iqr": {
          "bias": [0.109996339032516],
          "rmse": [0.183940526164184]
        }
      },
      "size: 100": {
        "parametric": {
          "bias": [0.0245055733519006],
          "rmse": [0.0837494414350176]
        },
        "kernel_hscv": {
          "bias": [0.0550667713082654],
          "rmse": [0.116865074250962]
        },
        "kernel_opt": {
          "bias": [0.0496672047204018],
          "rmse": [0.111314972191245]
        },
        "kernel_iqr": {
          "bias": [0.0740294287365932],
          "rmse": [0.133930627035547]
        }
      }
    },
    "t0: 1": {
      "true_eta": [0.10980566899833],
      "size: 20": {
        "parametric": {
          "bias": [0.128819944685017],
          "rmse": [0.218818922537196]
        },
        "kernel_hscv": {
          "bias": [0.114784445683234],
          "rmse": [0.188388462645922]
        },
        "kernel_opt": {
          "bias": [0.0945568708635643],
          "rmse": [0.169133080992811]
        },
        "kernel_iqr": {
          "bias": [0.165487801456087],
          "rmse": [0.234527971653578]
        }
      },
      "size: 50": {
        "parametric": {
          "bias": [0.0492776101749316],
          "rmse": [0.122433786079342]
        },
        "kernel_hscv": {
          "bias": [0.0719330686934611],
          "rmse": [0.138742150117963]
        },
        "kernel_opt": {
          "bias": [0.063258254095352],
          "rmse": [0.134142072083768]
        },
        "kernel_iqr": {
          "bias": [0.102934391743999],
          "rmse": [0.169864500941574]
        }
      },
      "size: 100": {
        "parametric": {
          "bias": [0.0281688113294186],
          "rmse": [0.0874417810254304]
        },
        "kernel_hscv": {
          "bias": [0.0549629841133317],
          "rmse": [0.11315004126546]
        },
        "kernel_opt": {
          "bias": [0.0509212924988657],
          "rmse": [0.110020816815513]
        },
        "kernel_iqr": {
          "bias": [0.07683216755644],
          "rmse": [0.132235522752921]
        }
      }
    }
  },
  "AUC: 0.75": {
    "missing_param": [0.94970703125],
    "t0: 0.2": {
      "true_eta": [0.439739648641011],
      "size: 20": {
        "parametric": {
          "bias": [-0.0655000051197133],
          "rmse": [0.204391091193029]
        },
        "kernel_hscv": {
          "bias": [-0.068106678930982],
          "rmse": [0.224588642085065]
        },
        "kernel_opt": {
          "bias": [-0.0905283327132612],
          "rmse": [0.226053404119442]
        },
        "kernel_iqr": {
          "bias": [-0.0122086186957269],
          "rmse": [0.222983523598255]
        }
      },
      "size: 50": {
        "parametric": {
          "bias": [-0.0392593329134005],
          "rmse": [0.152831958946289]
        },
        "kernel_hscv": {
          "bias": [-0.0203691223187457],
          "rmse": [0.169251084376363]
        },
        "kernel_opt": {
          "bias": [-0.029197463055069],
          "rmse": [0.167547190495692]
        },
        "kernel_iqr": {
          "bias": [0.0209430245173076],
          "rmse": [0.169981219213602]
        }
      },
      "size: 100": {
        "parametric": {
          "bias": [-0.0330225896725881],
          "rmse": [0.120626240585089]
        },
        "kernel_hscv": {
          "bias": [-0.017138681348625],
          "rmse": [0.133563656649502]
        },
        "kernel_opt": {
          "bias": [-0.0187702780027613],
          "rmse": [0.13343753977919]
        },
        "kernel_iqr": {
          "bias": [0.0128065942109647],
          "rmse": [0.133621798150999]
        }
      }
    },
    "t0: 0.4": {
      "true_eta": [0.440722979422586],
      "size: 20": {
        "parametric": {
          "bias": [-0.0448033220901792],
          "rmse": [0.187445700724459]
        },
        "kernel_hscv": {
          "bias": [-0.0495615028338176],