{
  "header": ["Simulation results for  normal_1"],
  "AUC: 0.6": {
    "missing_param": [0.3515625],
    "t0: 0.2": {
      "true_eta": [0.0707092475861975],
      "size: 20": {
        "parametric": {
          "bias": [0.126401850834546],
          "rmse": [0.239900249094032]
        },
        "kernel_hscv": {
          "bias": [0.116608913714436],
          "rmse": [0.229791090355019]
        },
        "kernel_opt": {
          "bias": [0.105079069796913],
          "rmse": [0.216550598320132]
        },
        "kernel_iqr": {
          "bias": [0.162281741714303],
          "rmse": [0.272838113824456]
        }
      },
      "size: 50": {
        "parametric": {
          "bias": [0.0531504773147708],
          "rmse": [0.138343135821472]
        },
        "kernel_hscv": {
          "bias": [0.0709866075261588],
          "rmse": [0.16092222547465]
        },
        "kernel_opt": {
          "bias": [0.0664618335387697],
          "rmse": [0.154924742842149]
        },
        "kernel_iqr": {
          "bias": [0.100995050748253],
          "rmse": [0.188532039950409]
        }
      },
      "size: 100": {
        "parametric": {
          "bias": [0.0275543363938751],
          "rmse": [0.0933326959084086]
        },
        "kernel_hscv": {
          "bias": [0.0501239367565181],
          "rmse": [0.118446503207402]
        },
        "kernel_opt": {
          "bias": [0.0464603359092149],
          "rmse": [0.113662975555356]
        },
        "kernel_iqr": {
          "bias": [0.0699167683542553],
          "rmse": [0.135749445202284]
        }
      }
    },
    "t0: 0.4": {
      "true_eta": [0.0743492339261956],
      "size: 20": {
        "parametric": {
          "bias": [0.132646147637916],
          "rmse": [0.246276497974917]
        },
        "kernel_hscv": {
          "bias": [0.131452921880654],
          "rmse": [0.242815241123343]
        },
        "kernel_opt": {
          "bias": [0.118267929144542],
          "rmse": [0.230921086113449]
        },
        "kernel_iqr": {
          "bias": [0.18282472548011],
          "rmse": [0.292397501059946]
        }
      },
      "size: 50": {
        "parametric": {
          "bias": [0.0609554807674065],
          "rmse": [0.147034778317452]
        },
        "kernel_hscv": {
          "bias": [0.0820514795770361],
          "rmse": [0.166962712305588]
        },
        "kernel_opt": {
          "bias": [0.0766220065599071],
          "rmse": [0.163443290071443]
        },
        "kernel_iqr": {
          "bias": [0.112941863606545],
          "rmse": [0.195893568655938]
        }
      },
      "size: 100": {
        "parametric": {
          "bias": [0.0324575471494324],
          "rmse": [0.0928653513535556]
        },
        "kernel_hscv": {
          "bias": [0.0566973948145176],
          "rmse": [0.116480691827536]
        },
        "kernel_opt": {
          "bias": [0.0542915265114006],
          "rmse": [0.114194323571512]
        },
        "kernel_iqr": {
          "bias": [0.0784967257704537],
          "rmse": [0.138173068455069]
        }
      }
    },
    "t0: 0.8": {
      "true_eta": [0.0830484086263704],
      "size: 20": {
        "parametric": {
          "bias": [0.128454515890242],
          "rmse": [0.234049228742736]
        },
        "kernel_hscv": {
          "bias": [0.131893874348729],
          "rmse": [0.226608525783202]
        },
        "kernel_opt": {
          "bias": [0.117035502499181],
          "rmse": [0.215212626201259]
        },
        "kernel_iqr": {
          "bias": [0.184059438618111],
          "rmse": [0.27654282639677]
        }
      },
      "size: 50": {
        "parametric": {
          "bias": [0.0656497690929533],
          "rmse": [0.146047532451202]
        },
        "kernel_hscv": {
          "bias": [0.0954037079343013],
          "rmse": [0.171622872725319]
        },
        "kernel_opt": {
          "bias": [0.0868910718545084],
          "rmse": [0.164104790963009]
        },
        "kernel_iqr": {
          "bias": [0.127431734486845],
          "rmse": [0.201408527421562]
        }
      },
      "size: 100": {
        "parametric": {
          "bias": [0.0319266945822249],
          "rmse": [0.0923719898961357]
        },
        "kernel_hscv": {
          "bias": [0.0604708675245933],
          "rmse": [0.122452698593588]
        },
        "kernel_opt": {
          "bias": [0.0565280050336707],
          "rmse": [0.11887360441447]
        },
        "kernel_iqr": {
          "bias": [0.0805487378837686],
          "rmse": [0.140817755710692]
        }
      }
    },
    "t0: 1": {
      "true_eta": [0.10980566899833],
      "size: 20": {
        "parametric": {
          "bias": [0.13110249857597],
          "rmse": [0.229899374890308]
        },
        "kernel_hscv": {
          "bias": [0.128523385725902],
          "rmse": [0.215209686509527]
        },
        "kernel_opt": {
          "bias": [0.115373092856057],
          "rmse": [0.207495819364601]
        },
        "kernel_iqr": {
          "bias": [0.185580468611209],
          "rmse": [0.266826835599218]
        }
      },
      "size: 50": {
        "parametric": {
          "bias": [0.0551899373328975],
          "rmse": [0.13666130043963]
        },
        "kernel_hscv": {
          "bias": [0.0813677097499204],
          "rmse": [0.153448230042204]
        },
        "kernel_opt": {
          "bias": [0.0746811300532001],
          "rmse": [0.150556875030548]
        },
        "kernel_iqr": {
          "bias": [0.115004539883272],
          "rmse": [0.185315347030512]
        }
      },
      "size: 100": {
        "parametric": {
          "bias": [0.0322309993039998],
          "rmse": [0.0942668935851719]
        },
        "kernel_hscv": {
          "bias": [0.0592096529626097],
          "rmse": [0.118136382522197]
        },
        "kernel_opt": {
          "bias": [0.0562278631914104],
          "rmse": [0.116133706591377]
        },
        "kernel_iqr": {
          "bias": [0.0820742831224913],
          "rmse": [0.137674406404151]
        }
      }
    }
  },
  "AUC: 0.75": {
    "missing_param": [0.94970703125],
    "t0: 0.2": {
      "true_eta": [0.439739648641011],
      "size: 20": {
        "parametric": {
          "bias": [0.013881997631024],
          "rmse": [0.221897427576274]
        },
        "kernel_hscv": {
          "bias": [-0.014672340541994],
          "rmse": [0.2280475096533]
        },
        "kernel_opt": {
          "bias": [-0.023759754071627],
          "rmse": [0.226139415167417]
        },
        "kernel_iqr": {
          "bias": [0.0440725107812502],
          "rmse": [0.231908057417797]
        }
      },
      "size: 50": {
        "parametric": {
          "bias": [0.0130807367384768],
          "rmse": [0.156645689918554]
        },
        "kernel_hscv": {
          "bias": [0.00686054779233508],
          "rmse": [0.170510808927681]
        },
        "kernel_opt": {
          "bias": [0.0033952296911397],
          "rmse": [0.168002862222769]
        },
        "kernel_iqr": {
          "bias": [0.0481607045334762],
          "rmse": [0.174627387786433]
        }
      },
      "size: 100": {
        "parametric": {
          "bias": [-0.000140869424554602],
          "rmse": [0.119821998858027]
        },
        "kernel_hscv": {
          "bias": [-0.00297553569701148],
          "rmse": [0.132052372025294]
        },
        "kernel_opt": {
          "bias": [-0.00297625292860293],
          "rmse": [0.131818391328196]
        },
        "kernel_iqr": {
          "bias": [0.026151176113348],
          "rmse": [0.134474243996912]
        }
      }
    },
    "t0: 0.4": {
      "true_eta": [0.440722979422586],
      "size: 20": {
        "parametric": {
          "bias": [0.0282738786967899],
          "rmse": [0.214123786740644]
        },
        "kernel_hscv": {
          "bias": [0.00253494698139534],
          "rmse": [0.212195366466736]
        },